Game ID,Word1,Word2,Word3,Word4,Word5,Word6,Word7,Word8,Word9,Word10,Word11,Word12,Word13,Word14,Word15,Word16,Group1,Group2,Group3,Group4
1,SNOW,HAIL,RAIN,SLEET,HEAT,BUCKS,JAZZ,NETS,SHIFT,TAB,RETURN,OPTION,LEVEL,KAYAK,RACECAR,MOM,WET WEATHER,NBA TEAMS,KEYBOARD KEYS,PALINDROMES
2,PUMP,LOAFER,BOOT,SNEAKER,FOOT,LEAGUE,YARD,MILE,TIME,US,PEOPLE,ESSENCE,SEA,WHY,ARE,QUEUE,FOOTWEAR,UNITS OF LENGTH,MAGAZINES,LETTER HOMOPHONES
3,MOUTH,NOSE,EYE,CHEEK,WOLF,CHOW,SCARF,GOBBLE,LAB,POM,PIT,PEKE,AMIGO,STOOGE,KING,TENOR,FACIAL FEATURES,SYNONYMS FOR EAT,"DOG BREEDS, INFORMALLY",MEMBERS OF A TRIO
4,PUMA,NIKE,REEBOK,ADIDAS,CATS,CAROUSEL,CHICAGO,CABARET,DUST,MOP,SWEEP,VACUUM,SPIDER,IRON,SUPER,BAT,SNEAKER BRANDS,MUSICALS BEGINNING WITH “C”,CLEANING VERBS,___ MAN SUPERHEROES
5,PRIME,PEACOCK,HULU,NETFLIX,TARTAR,RELISH,KETCHUP,MAYO,BLUE,GLUM,DOWN,LOW,MUSTARD,PLUM,GREEN,SCARLET,STREAMING SERVICES,CONDIMENTS,SYNONYMS FOR SAD,CLUE CHARACTERS
6,GO,CHANCE,JAIL,BOARDWALK,BABY,ROYAL,MIDNIGHT,POWDER,FUTURE,ICE CUBE,Q-TIP,COMMON,WONDER,SIN,SEA,SISTER,MONOPOLY SQUARES,SHADES OF BLUE,RAPPERS,MEMBERS OF A SEPTET
7,KNEE,ANKLE,SHIN,THIGH,CUB,JOEY,CALF,KID,JOHN,THRONE,HEAD,CAN,STAR,SILVER,JELLY,CRAY,LEG PARTS,BABY ANIMALS,SLANG FOR TOILET,___ FISH THAT AREN’T FISH
8,CHESS,GO,CHECKERS,BACKGAMMON,KING,TWIN,QUEEN,FULL,FIRE TRUCK,RUBY,CHERRY,STOP SIGN,LOCKSMITH,PIANO,FLORIDA,CRYPTOGRAPHY,BOARD GAMES,MATTRESS SIZES,THINGS THAT ARE RED,THINGS WITH KEYS
9,SQUASH,CRICKET,POLO,FENCING,TEE,TANK,CAMI,HALTER,CARROT,CORN,ONION,BEET,ANT,MANTIS,BEETLE,TERMITE,SPORTS,TOPS,VEGETABLES,INSECTS
10,KIWI,ORANGE,DATE,LEMON,JORDAN,GEORGIA,TOGO,CHAD,TURKEY,JAY,CRANE,SWALLOW,TWINS,GOAT,SCALES,FISH,FRUIT,COUNTRIES,BIRDS,ZODIAC SYMBOLS
11,CUMIN,CORIANDER,CLOVE,CARDAMOM,SUGAR,BOO,SWEETIE,HONEY,ANGEL,BIRD,AIRPLANE,PEGASUS,GINGER,BABY,SCARY,POSH,SPICES BEGINNING WITH “C”,TERMS OF ENDEARMENT,THINGS WITH WINGS,SPICE GIRLS
12,SCHOOL,PACK,FLOCK,POD,LUST,PRIDE,GREED,ENVY,SLOTH,SNAIL,LORIS,TORTOISE,TAN,SEC,COT,SIN,ANIMAL GROUP NAMES,DEADLY SINS,SLOW ANIMALS,TRIG FUNCTIONS
13,FRONTIER,SPIRIT,VIRGIN,UNITED,IOTA,DELTA,CHI,BETA,GNOME,GNOCCHI,GNAW,GNAT,KNEW,NEW,NU,GNU,AIRLINES,GREEK LETTERS,SILENT “G”,HOMOPHONES
14,CANOPY,MURPHY,BUNK,TRUNDLE,MARX,WRIGHT,JONAS,WARNER,PASSPORT,PILOT,ACCORD,CIVIC,LINK,SONIC,CRASH,MARIO,BEDS,FAMOUS BROTHERS,HONDAS,VIDEO GAME CHARACTERS
15,TWEET,CAW,CHIRP,CLUCK,BROWN,PINK,VIOLET,TURQUOISE,ROD,TACKLE,REEL,LURE,SILVER,SPARROW,HOOK,JONES,BIRD SOUNDS,COLORS,FISHING GEAR,FICTIONAL PIRATES
16,ESPRESSO,LATTE,AMERICANO,CAPPUCCINO,ALMOND,PECAN,WALNUT,CASHEW,FOREST,KELLY,EMERALD,OLIVE,BEAN,CLEAN,PEANUT,FOX,COFFEE DRINKS,TREE NUTS,SHADES OF GREEN,MR. ___
17,SCARF,ASCOT,BOLO,TIE,STERN,BOW,PORT,STARBOARD,TIDE,GAIN,ERA,ALL,BERMUDA,LOVE,RIGHT,ACUTE,NECKWEAR,SHIP DIRECTIONS,DETERGENTS,___ TRIANGLE
18,QUAD,LAT,TRI,PEC,CUP,RIBBON,MEDAL,TROPHY,GREY,HOUSE,QUINN,HOWSER,BILL,BEAR,COMMANDER,BROWN,"MUSCLES, INFORMALLY",AWARDS,TITLE TV DOCTORS,NFL PLAYERS
19,CREAM,EGGSHELL,VANILLA,IVORY,GARLIC,MIRROR,STAKE,CRUCIFIX,PORK,BEEF,POULTRY,VENISON,ROW,SPAT,TIFF,QUARREL,OFF-WHITE SHADES,ANTI-VAMPIRE,KINDS OF MEAT,SYNONYMS FOR ARGUMENT
20,OAT,BARLEY,SPELT,RYE,KING,EARL,BARON,PRINCE,RICE,DUKE,BROWN,HOWARD,STONE,BONG,FORD,LEE,GRAINS,ROYAL AND NOBLE TITLES,UNIVERSITIES,BEST DIRECTOR OSCAR WINNERS
21,POP,RAP,JAZZ,PUNK,OPERA,SAFARI,CHROME,EDGE,JO,MEG,BETH,AMY,BABY,WAYNE,KIM,JON,MUSIC GENRES,WEB BROWSERS,“LITTLE WOMEN” SISTERS,LIL ___ RAPPERS
22,BOXER,HUSKY,DALMATIAN,POODLE,TRUNK,MUZZLE,SNOUT,BEAK,STOP,YIELD,DETOUR,SLOW,BITE,WAVE,BARRIER,ASLEEP,DOG BREEDS,ANIMAL NOSES,TRAFFIC SIGNS,SOUND ___
23,BEACH BOY,BEATLE,BYRD,MONKEE,TWIST,MASHED POTATO,DOUGIE,MACARENA,ROLLING STONE,WIRED,FORTUNE,VOGUE,CHAIN,WEBSITE,SAUSAGE,GOLF COURSE,'60S BAND MEMBERS,DANCE FADS,MAGAZINES,THINGS WITH LINKS
24,MILKY WAY,BOUNTY,CRUNCH,HEATH,GENESIS,SWITCH,WII,DREAMCAST,HAMMER,ANVIL,STIRRUP,COCHLEA,SUM,MAROON,U,BLINK,CANDY BARS,VIDEO GAME CONSOLES,EAR PARTS,BAND NAMES MINUS NUMBERS
25,MOUSSE,FLAN,TIRAMISU,CHEESECAKE,FUDGE,SHOOT,HECK,DARN,ELEPHANT,NARWHAL,HIPPO,WARTHOG,WALRUS,HORSESHOE,PENCIL,HANDLEBAR,DESSERTS,MILD OATHS,ANIMALS WITH TUSKS,MUSTACHES
26,POLAND,GREECE,PORTUGAL,DENMARK,PARROT,MIMIC,ECHO,COPY,PETTY,CRUISE,HOLLAND,WAITS,MIX,MILD,LIVID,DILL,EUROPEAN COUNTRIES,SYNONYMS FOR IMITATE,TOMS,WORDS SPELLED WITH ROMAN NUMERALS
27,BERET,FEZ,BOWLER,FEDORA,HEART,KIDNEY,LIVER,LUNG,SPINE,JACKET,COVER,PAGE,POT,ASS,RABBIT,KNIFE,HATS,ORGANS,PARTS OF A BOOK,JACK ___
28,DOC,HAPPY,GRUMPY,BASHFUL,ZIP,TIFF,GIF,PDF,PENGUIN,KIWI,EMU,OSTRICH,COCONUT,BANANA,MANGO,PINEAPPLE,SEVEN DWARFS,FILE EXTENSIONS,FLIGHTLESS BIRDS,TROPICAL FRUITS
29,FLY,MOTH,GNAT,WASP,ADD,DIVIDE,SUBTRACT,MULTIPLY,SKATE,TANG,SOLE,TETRA,COPY,ALLEY,COOL,LAP,WINGED INSECTS,ARITHMETIC OPERATIONS,FISH,___ CAT
30,RAVEN,COWBOY,PACKER,BRONCO,SPIRAL,ELBOW,SHELL,BOWTIE,HIP,KNEE,SHOULDER,WRIST,MOTHER,AIRPLANE,OKLAHOMA,THEM,NFL PLAYERS,PASTA SHAPES,JOINTS,MOVIES WITH “!”
31,TOMATO,PEPPER,CUCUMBER,EGGPLANT,CONE,PYRAMID,CUBE,SPHERE,PAD,PHONE,MAC,POD,LIMA,POLISH,MOBILE,JOB,VEGETABLES THAT ARE ALSO FRUITS,3-D SHAPES,WORDS WITH “i”,WORDS WITH TWO PRONUNCIATIONS
32,SOLE,TONGUE,LACE,HEEL,TROUBLE,SORRY,CLUE,RISK,HUNT,SMART,BOND,RYAN,CEMENT,SOUL,BAND,DUCKIE,SHOE PARTS,BOARD GAMES,FICTIONAL SPIES,RUBBER ___
33,TUG,JUNK,FERRY,YACHT,CLUB,SUB,CUBAN,MELT,SHANK,FLANK,LOIN,ROUND,CHUCK,ROB,SUE,JOSH,BOATS,SANDWICHES,CUTS OF BEEF,NICKNAMES THAT ARE VERBS
34,BOUQUET,SCENT,FRAGRANCE,AROMA,FUNK,COUNTRY,SOUL,BLUES,ROCK,SHOOT,SCISSORS,PAPER,BUCK,BULL,JACK,BOAR,PLEASANT SMELLS,MUSIC GENRES,ROCK PAPER SCISSORS,MALE ANIMALS
35,NICKEL,QUARTER,PENNY,DIME,TIN,LEAD,IRON,ZINC,HORSESHOE,RAINBOW,CLOVER,MOON,HALF,NECK,SO,AGAIN,U.S. COINS,METAL ELEMENTS,LUCKY CHARMS MARSHMALLOWS,___ AND ___
36,WOMBAT,KANGAROO,KOALA,WALLABY,MARS,CHUNKY,CRUNCH,MOUNDS,PAPER,CHEDDAR,DOUGH,STACKS,EYE,TRUTH,GUN,MOLE RAT,MARSUPIALS,CHOCOLATE BARS,SLANG FOR MONEY,NAKED ___
37,SEAL,DOLPHIN,OTTER,MANATEE,SPOKE,CHAIN,SADDLE,BRAKE,MOVE,HAWK,PEDDLE,VEND,CUB,CHIN,MALT,TONG,MARINE MAMMALS,BIKE PARTS,SYNONYMS FOR SELL,COUNTRIES WHEN “A” IS ADDED
38,OAK,POPLAR,ASH,CEDAR,MOUNTAIN,VALLEY,CANYON,PLATEAU,ONION,PLAIN,POPPY,EVERYTHING,ELM,JUMP,SESAME,FEAR,TREES,LAND FORMATIONS,BAGEL FLAVORS,STREETS ON SCREEN
39,WATCH,CLOCK,SUNDIAL,HOURGLASS,BOB,CROP,PIXIE,SHAG,MOLE,SECOND,NEWTON,HERTZ,PEPPER,EVIL,NO,J,TIMEKEEPING DEVICES,HAIRSTYLES,UNITS OF MEASURE,DR. ___
40,FLUTE,CLARINET,BASSOON,OBOE,LID,TOP,COVER,CAP,AVIATOR,CAT EYE,WAYFARER,WRAPAROUND,MONK,HARBOR,HARP,HOODED,WOODWINDS,COVERINGS,SUNGLASSES,SEALS
41,FIJI,VOSS,DASANI,EVIAN,MUD,JOE,BREW,JAVA,PALAU,JAPAN,CUBA,MALTA,POP,SAM,TONY,LUCKY,BOTTLED WATER BRANDS,SLANG FOR COFFEE,ISLAND COUNTRIES,CEREAL MASCOTS
42,MASK,SNORKEL,TANK,FINS,PERIOD,HYPHEN,COLON,COMMA,DASH,BOLT,RACE,SPRINT,JUNGLE,HOUSE,FAT,DOJA,SCUBA GEAR,PUNCTUATION MARKS,RUN QUICKLY,___ CAT
43,IRATE,FURIOUS,LIVID,INCENSED,CANARY,SCHOOL BUS,BANANA,SUNFLOWER,GULL,BOOBY,PELICAN,PUFFIN,LOST,BEACH,BEASTIE,HARDY,SYNONYMS FOR ANGRY,THINGS THAT ARE YELLOW,MARINE BIRDS,___ BOYS
44,SOLID,PLASMA,GAS,LIQUID,PASTE,CUT,UNDO,COPY,TRASH,CRUSH,SHELLAC,ROUT,SLATE,TESLA,STALE,LEAST,STATES OF MATTER,EDIT MENU COMMANDS,DEFEAT BADLY,ANAGRAMS
45,PLANE,BOAT,CAR,TRAIN,SUN,THUNDER,KING,MAGIC,SONIC,CHECKERS,SUBWAY,OUTBACK,DAY,STRIPES,FLOYD,SABBATH,MODES OF TRANSPORTATION,NBA PLAYERS,FAST FOOD CHAINS,BAND NAMES MINUS COLORS
46,CHICAGO,PHILADELPHIA,RIO,MUNICH,W,GLAMOUR,ALLURE,ELLE,CYCLONE,TORNADO,SQUALL,BLIZZARD,HURRICANE,MANHATTAN,COSMOPOLITAN,SCREWDRIVER,MOVIE TITLE CITIES,FASHION MAGAZINES,STORMS,COCKTAILS
47,FOREST,DESERT,TUNDRA,GRASSLAND,GECKO,MONITOR,IGUANA,CHAMELEON,TREE,LOTUS,COBRA,WARRIOR,GO,CAN,CHA,NAE,BIOMES,LIZARDS,YOGA POSES,DANCES WHEN DOUBLED
48,TWEED,LINEN,DENIM,CORDUROY,SPECTER,SPIRIT,GHOST,PHANTOM,RIB,NEEDLE,POKE,TEASE,SCAR,BEAST,STITCH,GENIE,FABRICS,APPARITIONS,SYNONYMS FOR BOTHER,DISNEY CHARACTERS
49,AUNT,NEPHEW,MOTHER,COUSIN,QUIRKY,KOOKY,DAFFY,WACKY,DAISY,SCROOGE,DEWEY,DONALD,ALARM,GRANDFATHER,BIOLOGICAL,CUCKOO,RELATIVES,SYNONYMS FOR OFFBEAT,DISNEY DUCKS,___ CLOCK
50,FOOT,MILE,INCH,YARD,OIL,WATERCOLOR,ACRYLIC,TEMPERA,SAMOSA,KATSU,FALAFEL,SCHNITZEL,DIM,QUART,PEN,NICK,UNITS OF LENGTH,TYPES OF PAINT,DEEP-FRIED FOOD,STARTS OF U.S. COINS
51,HERO,GRINDER,SUB,HOAGIE,MATCH,HINGE,TINDER,BUMBLE,BLADE,TWILIGHT,LOST BOYS,NEAR DARK,DRIVER,SCOTT,WEST,ANT,LONG SANDWICHES,DATING APPS,VAMPIRE MOVIES,ADAMS
52,SPEAKER,MOUSE,MONITOR,KEYBOARD,RAT,VOLE,HAMSTER,GERBIL,HORN,TRIANGLE,HARP,ORGAN,CARP,GROUSE,MOAN,GRIPE,COMPUTER EQUIPMENT,RODENTS,MUSICAL INSTRUMENTS,SYNONYMS FOR COMPLAIN
53,PRIDE,SWARM,COLONY,HERD,HIGH,LIT,BAKED,BLAZED,GOV,CHEM,BIO,STATS,CLASS,ORDER,FAMILY,DOMAIN,ANIMAL GROUP NAMES,STONED,AP CLASSES,TAXONOMY RANKS
54,TEMPLE,ALTAR,RELIQUARY,SHRINE,TOM,SYLVESTER,GARFIELD,FELIX,HARRY,GROVER,CALVIN,CHESTER,ROCKY,HIGH,SILK,ABBEY,PLACES FOR WORSHIP,CARTOON CATS,PRESIDENTIAL FIRST NAMES,___ ROAD
55,TOP,BLOCKS,DOLL,YO-YO,GIGGLE,EGGNOG,LEGGINGS,BAGGAGE,VIOLA,PUCK,DUNCAN,JULIET,MEMORY,SELFIE,HOCKEY,FISH,CLASSIC TOYS,WORDS WITH THREE G’S,SHAKESPEARE CHARACTERS,___ STICK
56,BREAKOUT,ASTEROIDS,PONG,FROGGER,SALSA,SWING,HUSTLE,TANGO,PINCH,SWIPE,TAP,SPREAD,SAVAGE,CENT,PAC,CHAINZ,CLASSIC ARCADE GAMES,DANCES,TOUCHSCREEN GESTURES,RAPPERS MINUS NUMBERS
57,ROMANCE,HORROR,MUSICAL,WESTERN,STRIPES,PAISLEY,PLAID,HOUNDSTOOTH,FICTION,LIE,FIB,TALE,KISS,DOT,WHOPPER,GOOBER,MOVIE GENRES,PATTERNS,SYNONYMS FOR FALSEHOOD,CANDY PIECES
58,TICK,SCORPION,MITE,SPIDER,CHAR,EEL,PERCH,SHARK,BLADE,STORM,FLASH,BLACK WIDOW,CATFISH,STATE,JACKASS,CRIBS,ARACHNIDS,FISH,SUPERHEROES,MTV SHOWS
59,SOME,FEW,HANDFUL,SEVERAL,MOON,COMET,PLANET,ASTEROID,GLOBE,POST,SUN,JOURNAL,LYME,PAIR,PLUMB,MELLON,UNSPECIFIED QUANTITIES,CELESTIAL OBJECTS,NEWSPAPERS,FRUIT HOMOPHONES
60,SAW,SCREAM,RING,PURGE,DIAMOND,COURT,FIELD,RINK,CHARM,PLEASE,TICKLE,DELIGHT,PENDANT,BANGLE,ANKLET,BROOCH,HORROR FRANCHISES,SPORTS VENUES,MAKE HAPPY,JEWELRY
61,OPPENHEIMER,HAWKING,EINSTEIN,FEYNMAN,GENIUS,FACULTY,GIFT,FLAIR,BARBIE,BUSH,MATE,CRIKEY,MATCH,WEST,SELLING,MOOT,THEORETICAL PHYSICISTS,TALENT,AUSTRALIAN TERMS,___ POINT
62,MA,PA,CO,ME,LA,TI,FA,DO,NU,PI,XI,MU,,NI,HE,FE,STATE ABBREVIATIONS,MUSICAL NOTES,GREEK LETTERS,PERIODIC TABLE SYMBOLS
63,BUTTON,SNAP,BUCKLE,ZIP,JACK,SQUAT,NOTHING,NADA,PRESS,PLANK,CURL,LUNGE,PLANET,OBVIOUS,CRUNCH,KANGAROO,FASTENING VERBS,SLANG FOR ZERO,GYM EXERCISES,“CAPTAINS”
64,SPOT,LUCKY,FIDO,ROVER,CATCH,SEE,NOTICE,OBSERVE,FLY,CHUM,BAIT,SINKER,BONE,SHIRT,STORM,REX,CLASSIC DOG NAMES,PERCEIVE,FISHING TERMS,T-___
65,GAS,LIQUID,SOLID,PLASMA,JUICE,STEAM,SPIRIT,VIGOR,WATER,EARTH,FIRE,AIR,TREE,CIRCUS,SATURN,WEDDING,STATES OF MATTER,ENERGY,CLASSICAL ELEMENTS,THINGS WITH RINGS
66,YEAR,DECADE,CENTURY,MILLENNIUM,PANCAKE,CEREAL,OMELET,WAFFLE,CLOSE,BACON,MUNCH,WHISTLER,ROSE,MONTH,EGG,JUROR,TIME PERIODS,BREAKFAST FOODS,PAINTERS,ONE IN A DOZEN
67,COBBLER,PIE,TART,CAKE,SMITH,FISHER,MASON,MILLER,FUDGE,DOCTOR,TWIST,DISTORT,MEAL,ROOT,DANCE,ONE,DESSERTS,OCCUPATIONAL SURNAMES,ALTER DECEPTIVELY,SQUARE ___
68,PINT,CUP,GALLON,QUART,AWFUL,SUPER,VERY,QUITE,REAL,WON,RAND,STERLING,CARROT,SPONGE,COFFEE,POUND,UNITS OF VOLUME,EXTREMELY,WORLD CURRENCIES,___ CAKE
69,BUD,MATE,CHUM,PAL,CROCK,POT,WOK,SKILLET,PUMP,WEDGE,SLIDE,CLOG,HERB,GRASS,MARY JANE,WEED,FRIEND,COOKWEAR,SHOES,SLANG FOR CANNABIS
70,COOLER,TENT,LANTERN,SLEEPING BAG,DIG,BARB,JAB,DISS,MINUTE,SLIGHT,SMALL,WEE,MEAL,HOUR,MEDIUM,CAMPER,CAMPING SUPPLIES,INSULT,TINY,HAPPY ___
71,UTAH,ARIZONA,COLORADO,NEVADA,CRUSH,MUG,SQUIRT,SPRITE,RUSH,GENESIS,YES,KANSAS,HAWK,MONTANA,STARK,SOPRANO,U.S. MOUNTAIN STATES,SODA BRANDS,CLASSIC ROCK BANDS,TONY ___
72,SINGER,DANCER,STAND-UP,ACTOR,COMET,CUPID,VIXEN,DASHER,HEART,CARD,ROSE,CHOCOLATE,TASTE,SANTA,BOYS,LIEUTENANT,PERFORMING ARTISTS,SANTA’S REINDEER,SEEN ON VALENTINE’S DAY,“BAD ___” MOVIES
73,BEARD,GOATEE,MUSTACHE,STUBBLE,GEAR,HANDLEBAR,WHEEL,PEDAL,DOG,TRACK,TAIL,FOLLOW,SHADOW,VOTE,MOVIE,DOUBT,FACIAL HAIR,BIKE PARTS,PURSUE,THINGS THAT ARE CAST
74,MASTODON,DODO,MAMMOTH,TRILOBITE,BUSTS,FLOPS,MISSES,TURKEYS,THREADS,DUDS,OUTFIT,GETUP,X,SMACK,PECK,SMOOCH,EXTINCT ANIMALS,FAILURES,SLANG FOR CLOTHES,KISS
75,BASH,PARTY,BLOWOUT,SHINDIG,MIXER,RANGE,COUNTER,SINK,WHALE,PUPPET,CRICKET,WOODCARVER,ISLAND,BUNNY,EGG,SUNDAY,SOCIAL GATHERING,FOUND IN A KITCHEN,“PINOCCHIO” FIGURES,EASTER ___
76,TROUBLE,RISK,SORRY,TABOO,STYLE,NATIONAL,BUSINESS,OPINION,PARIS,ATLAS,NIKE,HERMES,FOXY,KILLER,GUCCI,NOTORIOUS,BOARD GAMES,NEWSPAPER SECTIONS,FIGURES IN GREEK MYTH,FIRST WORDS IN RAPPERS’ NAMES
77,WING,TENDER,BREAST,DRUMSTICK,DRIVER,EAGLE,STROKE,HOLE,TOM,SNARE,CYMBAL,KICK,INFANT,PUB,SWIMMING,TICKER,PIECES OF CHICKEN,GOLF TERMS,DRUM SET COMPONENTS,ASSOCIATED WITH “CRAWL”
78,CLOUD NINE,BLISS,HEAVEN,PARADISE,RACKET,HUSTLE,CON,FAST ONE,WAVE,SHAKE,HIGH FIVE,HUG,TOP TEN,GUEST,BUCKET,WISH,STATES OF ELATION,SCAM,GREETING GESTURES,___ LIST
79,BOOK,BOUNCE,RUN,SPLIT,FOX,LYNX,ORYX,IBEX,JET,ONYX,RAVEN,EBONY,ASH,BLACK,CYBER,FAT,DEPART QUICKLY,ANIMALS THAT END WITH “X”,SHADES OF BLACK,WORDS BEFORE DAYS OF THE WEEK
80,SWING,SLIDE,SEESAW,SANDBOX,WEIGHT,PULL,SWAY,CLOUT,EYE,SCARAB,CROOK,ANKH,TIMES,IMPACT,PAPYRUS,COURIER,PLAYGROUND FIXTURES,INFLUENCE,EGYPTIAN SYMBOLS,FONTS
81,FRY,WING,NACHO,POPPER,RIGHT,BINGO,YES,CORRECT,CHIP,DING,SCRATCH,NICK,APPLE,CRACKER,FLAP,LUMBER,APPETIZER UNIT,RESPONSE TO A CORRECT ANSWER,MAR,___JACK
82,STEIN,TUMBLER,GOBLET,SNIFTER,FLUTE,OBOE,CLARINET,SAXOPHONE,POUND,BISHOP,FROST,OLDS,COFFEE,FRICASSEE,BASSOON,BALLOON,DRINK VESSELS,WOODWINDS,AMERICAN POETS,CONSECUTIVE DOUBLE LETTERS
83,BARE,NUDE,NAKED,UNCLAD,BUN,MUFFIN,DANISH,TURNOVER,SNAP,SACK,FUMBLE,PUNT,CLIP,BUFF,POLISH,FILE,AU NATUREL,BAKED GOODS,AMERICAN FOOTBALL ACTIONS,MANICURE STEPS
84,DOE,HEN,COW,MARE,I,WE,IT,THEY,L,V,D,M,U,YOU,EWE,YEW,FEMALE ANIMALS,PRONOUNS,ROMAN NUMERALS,HOMOPHONES
85,BRUSH,CANVAS,EASEL,PALETTE,PARK,NEUTRAL,DRIVE,REVERSE,GEAR,COMB,SAW,ZIPPER,FOLDING,HIGH,LAWN,FIRST,PAINTING ACCESSORIES,AUTOMATIC TRANSMISSION SETTINGS,THINGS WITH TEETH,___ CHAIR
86,MAP,CHART,GRAPH,DIAGRAM,EXTRA,ICING,BONUS,PERK,TURKEY,PIE,GRAVY,STUFFING,SATISFACTION,ISTANBUL,I RAN,MONTERO,INFORMATION DISPLAYS,ADDITIONAL BENEFIT,THANKSGIVING FOOD,SONG TITLES WITH PARENTHESES
87,GNOME,TROLL,GOBLIN,OGRE,LEAF,STALK,PETAL,BUD,MOLE,SPY,PLANT,AGENT,HORSE,DRAGON,RABBIT,TIGER,CREATURES IN FOLKLORE,FLOWER PARTS,ONE INVOLVED IN ESPIONAGE,CHINESE ZODIAC ANIMALS
88,HORROR,PICTURE,SHOW,ROCKY,ROGER,WHO,FRAMED,RABBIT,HARRY,MET,WHEN,SALLY,FURY,MAX,MAD,ROAD,ROCKY HORROR PICTURE SHOW,WHO FRAMED ROGER RABBIT,WHEN HARRY MET SALLY,MAD MAX FURY ROAD
89,SOUL,HEART,SPIRIT,ESSENCE,STOUT,SAKE,PORT,CIDER,BRAVE,UP,CARS,COCO,SCOTCH,RED,TICKER,DEMO,INHERENT NATURE,FERMENTED ALCOHOLIC BEVERAGES,PIXAR MOVIES,___ TAPE
90,OUT,BALL,SAFE,STRIKE,OVEN,FORGE,KILN,FURNACE,SMELT,CARP,CATFISH,FLOUNDER,WALK,YOLK,SALMON,COLONEL,BASEBALL CALLS,HEAT SOURCES,FISH THAT ARE VERBS,SILENT “L”
91,JAGUAR,TOUCAN,ANACONDA,CAPYBARA,BOTTOM,FOOT,FOUNDATION,BASE,COMPANY,HAIR,GREASE,RENT,LEGS,LION,CUCUMBER,CHANGE,AMAZON ANIMALS,LOWEST POINT,MUSICALS,SEA ___
92,BAT,TOMBSTONE,PUMPKIN,COBWEB,24,BONES,FIREFLY,WEEDS,BELL,7,CHERRY,BAR,2001,22,"20,000",451,HALLOWEEN DECORATIONS,TV SHOWS,SLOT MACHINE SYMBOLS,NUMBERS IN BOOK TITLES
93,TEA,COFFEE,COCOA,CHAI,BUZZ,MEOW,OINK,CLUCK,BARK,ROOT,TRUNK,BRANCH,DIRT,DISH,SKINNY,SCOOP,HOT DRINKS,ANIMAL SOUNDS,TREE FEATURES,INSIDE INFO
94,GET OUT,GO,LEAVE,SCRAM,US,YOU,THEM,ME,NOPE,OPEN,PEON,PONE,BEANIE,FUR,SANTA,NEPO,“SKEDADDLE!”,PRONOUNS,ANAGRAMS,___ BABY
95,IRIS,LENS,PUPIL,RETINA,FAKE,BOGUS,SHAM,PHONY,OUT,COPY,ROGER,OVER,MICHELLE,STAN,LOLA,ALEJANDRO,EYE PARTS,COUNTERFEIT,RADIO LINGO,SONGS THAT ARE NAMES
96,COW,GOAT,BUFFALO,SHEEP,SHINE,GLOW,BEAM,RADIATE,FLOOR,HORSE,VAULT,RINGS,CUTIE,SEEDY,EXCEL,ENVY,BOVIDS,EMIT LIGHT,GYMNASTICS APPARATUS,WORDS THAT SOUND LIKE TWO LETTERS
97,GIANT,WOLF,PRINCESS,WITCH,GAMBIT,QUEEN,MATE,BISHOP,WOODSTOCK,CHARLIE,PEPPERMINT PATTY,PIGPEN,NEW YORK,ROCK 'N ROLL,YOU,LUCY,FAIRY TALE FIGURES,CHESS TERMS,“PEANUTS” CHARACTERS,I LOVE ___
98,FIG,LIME,APRICOT,GRAPE,GRAND,DELUXE,LAVISH,OPULENT,SWANK,STONE,FOSTER,BERRY,FRESH,ENVIOUS,NAIVE,UNWELL,FRUITS,LUXURIOUS,BEST ACTRESS OSCAR WINNERS,WHAT “GREEN” MIGHT MEAN
99,SHARP,QUICK,BRIGHT,CLEVER,FRONTIER,ALASKA,SPIRIT,SOUTHWEST,COWBOY,SHERIFF,OUTLAW,DRIFTER,SMART,MARS,LASSO,ROGERS,INTELLIGENT,AIRLINES,WESTERN TROPES,TV SHOW TITLE SURNAMES
100,WINDOW,TAB,HISTORY,BOOKMARK,BUTTON,COLLAR,CUFF,POCKET,LINK,BOND,RELATION,TIE,LAUNDRY,MARTINI,JOKE,DOZEN,WEB BROWSER-RELATED,SHIRT FEATURES,CONNECTION,DIRTY ___
101,EXTRA,COPY,BACKUP,SPARE,BALL,PIN,ALLEY,LANE,MUG,TEE,PEN,TOTE,WON,TOO,ATE,FOR,REPLACEMENT,BOWLING,COMMON SWAG ITEMS,NUMBER HOMOPHONES
102,CHEF,HOST,BARTENDER,SERVER,CAR,BUS,TRUCK,MOTORCYCLE,ANIMAL,SCOOTER,BEAKER,GONZO,DOG,MITT,DIGIT,PIGGY,RESTAURANT WORKERS,MOTOR VEHICLES,MUPPETS,HAND- AND FOOT-RELATED SLANG
103,FLOAT,SUNDAE,SHAKE,MALT,FIRM,CONCRETE,SOLID,TANGIBLE,SPLIT,GLASS,OLD,SIGNS,STAR,HOVER,KEY,DASH,SODA FOUNTAIN ORDERS,"SET, AS PLANS",M. NIGHT SHYAMALAN MOVIES,___BOARD
104,STRONG,SOUND,FIT,HEALTHY,FALL,DROP,SINK,DIP,SPRING,TAP,FOUNTAIN,WELL,SWIFT,KEYS,SUMMER,NICKS,ROBUST,DECLINE,WATER SOURCES,WOMEN SINGERS
105,LADLE,WHISK,GRATER,PEELER,FISH,BIRD,REPTILE,MAMMAL,PRINCESS,DINOSAUR,MUSHROOM,PLUMBER,CLEAVER,PARTRIDGE,TANNER,BUNKER,KITCHEN UTENSILS,VERTEBRATES,SUPER MARIO-RELATED,SITCOM FAMILIES
106,TRAIN,RING,BOUQUET,VEIL,COAT,CAKE,CRUST,COVER,MA,BLACK,FROST,SPARROW,GRAM,BOOK,TUBE,IN,BRIDAL ACCESSORIES,“C” WORDS FOR “ENVELOP”,JACKS,SOCIAL MEDIA APP ENDINGS
107,PYTHON,BOA,MAMBA,VIPER,GARTER,SLIP,THONG,TEDDY,BRIEF,DIGEST,ABSTRACT,RUNDOWN,MONTY,MOON,CIRCLE,HOUSE,SNAKES,LINGERIE,SUMMARY,FULL ___
108,CONE,POLLEN,ACORN,SAP,GUM,CHOCOLATE,LICORICE,LOLLIPOP,FOOL,MARK,CHUMP,SUCKER,POTATO,FACE,NEEDLE,HURRICANE,PRODUCED BY TREES,CANDY STORE TREATS,TARGET OF A SCHEME,THINGS WITH EYE(S)
109,FLASH,SPARKLE,GLITTER,GLEAM,FISH,TRAP,HUNT,FORAGE,DRILL,GRIME,CRUNK,BOUNCE,BULB,BEER,YEAR,RAIL,REFLECT LIGHT,WAYS TO GATHER FOOD,RAP SUBGENRES,LIGHT ___
110,KEY,CENTRAL,VITAL,CRITICAL,METAL,PAPER,GLASS,PLASTIC,ROCK,HENRY,JENNIFER,KATE,TEMPO,TIRED,ASSIGNMENT,DEFEAT,VERY IMPORTANT,RECYCLING CATEGORIES,HUDSONS,WHAT “BEAT” MAY MEAN
111,HEART,CLUB,DIAMOND,SPADE,WOOD,IRON,WEDGE,PUTTER,ACHE,LONG,PINE,THIRST,SHY,SHORT,WANTING,LOW,PLAYING CARD SUITS,GOLF CLUBS,YEARN,INSUFFICIENT
112,STRAW,CUP,LID,STIRRER,BAT,OWL,WOLF,MOTH,BRICK,CARDINAL,BEET,POPPY,BALLPARK,STICK,GO,ACTION,COFFEE COUNTER ITEMS,NOCTURNAL ANIMALS,THINGS THAT ARE RED,___ FIGURE
113,BOW,STAND,SALUTE,KNEEL,CLOCK,NOTES,MAIL,MAPS,SHELL,DOWN,SCALES,FUR,DOG,ARROW,FINGER,HINT,WAYS TO SHOW RESPECT,IPHONE APPS,ANIMAL COVERINGS,“POINTERS”
114,AFGHAN,YAK,ANGORA,ALPACA,JABBER,BLATHER,CHAT,GAB,PUMA,JORDAN,CONVERSE,VANS,SPEECH,WATER,LEAD,TRIAL,LONG-HAIRED ANIMALS,PRATTLE ON,SNEAKER BRANDS,___ BALLOON
115,STOCKING,SNOWMAN,REINDEER,MISTLETOE,SHOW,PRESENT,EXHIBIT,DISPLAY,DONUT,LIFESAVER,CHEERIO,BAGEL,TIGER,CANDY CANE,REFEREE,CROSSWALK,CHRISTMAS-RELATED,MAKE PUBLIC,TORUS-SHAPED FOOD,THINGS WITH STRIPES
116,WING,CHAPTER,BRANCH,ARM,STONE,PECK,TON,BUSHEL,ANGEL,RED,CUB,MET,FLEE,BEATLE,AUNT,NAT,DIVISION,IMPERIAL UNITS,M.L.B. TEAM MEMBER,INSECT HOMOPHONES
117,HAHA,DEAD,LOL,ROFL,DECO,DADA,POP,GOTHIC,HOOK,NANA,PETER,WENDY,GAGA,LUCK,MACBETH,BIRD,"LAUGHTER, IN A TEXT",ART MOVEMENTS,“PETER PAN” CHARACTERS,LADY ___
118,AARON,KAREN,SHARON,DARREN,DALE,CLIFF,BROOK,SAVANNA,ROSE,MAY,WILL,DREW,HANNAH,NATAN,EVE,OTTO,RHYMES,NATURAL FEATURES,IRREGULAR VERBS,PALINDROMES
119,BIRTHDAY,WEDDING,ANNIVERSARY,SHOWER,BARS,RECEPTION,SERVICE,SIGNAL,BATH,SANDWICH,DERBY,READING,ROCK,SOAP,COMIC,MET,CELEBRATORY OCCASIONS,PHONE CONNECTIVITY,CITIES AND TOWNS IN ENGLAND,___ OPERA
120,CORN,PEPPER,TOMATO,CUCUMBER,NOODLE,CROWN,DOME,MELON,NUMBER,SINGLE,TRACK,CUT,KETTLE,TRAIN,BIRD,REFEREE,CROPS,SLANG FOR HEAD,SONG,THINGS THAT WHISTLE
121,SOURCE,GERM,GENESIS,SEED,JOB,ACTS,MARK,KINGS,WILD,STARS,KRAKEN,FLAMES,NAP,PLANT,RANGER,TRIP,ORIGIN,BIBLE BOOKS,N.H.L. TEAMS,POWER ___
122,ACTION,CUT,CAMERA,LIGHTS,CAN,MAY,MIGHT,COULD,LEAD,PRIME,TOP,HEAD,BUTCHER,WAX,TOILET,SCRAP,FILM SET DIRECTIVES,CONDITIONAL WORDS,FOREMOST,___ PAPER
123,MASK,BLOCK,HIDE,COVER,CROWN,DIAL,HAND,STRAP,SWORD,TIARA,LASSO,SHIELD,NOSE,FAUCET,MASCARA,CANDIDATE,CONCEAL,PARTS OF A WATCH,WONDER WOMAN’S COSTUME,THINGS THAT CAN RUN
124,LIMA,PINTO,KIDNEY,FAVA,LIMERICK,LINCOLN,LAGOS,LUXOR,LINE,VERSE,RHYME,METER,CREATOR,RAPPER,STALLION,DUDE,BEANS,CITIES BEGINNING WITH “L”,POETRY TERMS,“THE(E) ___” RAPPERS
125,TAIL,SEAT,BUNS,BOTTOM,CRADLE,CORD,DIAL,HANDSET,PAD,CRIB,DIGS,JOINT,SWAG,BOOTY,SPOILS,LOOT,BUTT,ROTARY PHONE PARTS,SLANG FOR HOME,PLUNDER
126,FILE,HAMMER,LEVEL,SAW,WRENCH,YANK,TUG,JERK,COPY,SAVE,PRINT,FIND,BABE,WILLY,BEETHOVEN,CHARLOTTE,TOOLS,PULL,SHORTCUT COMMANDS,TITLE MOVIE ANIMALS
127,SUNDAY,SATURDAY,FRIDAY,THURSDAY,TURN,SOUR,SPOIL,ROT,THING,LURCH,WEDNESDAY,FESTER,CAT,CHANCE,LIP,TUESDAY,DAYS OF THE WEEK,GO BAD,“THE ADDAMS FAMILY” CHARACTERS,FAT ___
128,RASPBERRY,HISS,BOO,JEER,LEMON,BOMB,FLOP,DUD,GHOST,DESERT,IGNORE,JILT,GARDEN,STAR,CANDY,BOTTOM,TAUNTS,FAILURE,RUDELY BREAK OFF CONTACT,ROCK ___
129,YAWN,DRAG,SNOOZE,BORE,PUFF,DRAFT,BREEZE,GUST,KICK,BITE,ZIP,TANG,BOXER,PANT,GOGGLE,TONG,SOMETHING TIRESOME,BIT OF WIND,PIQUANCY,SINGULAR OF THINGS SEEN IN PAIRS
130,FAKE,FORGE,FABRICATE,FIX,FUDGE,FIE,FRICK,FIDDLESTICKS,FIREFLY,FLEABAG,FLIPPER,FARGO,FOOD,FASHION,FORWARD,FRIENDS,FALSIFY,MILD OATHS,TV SHOWS,FAST ___
131,HIVE,DEN,LAIR,NEST,CLOUD,WEB,NET,METAVERSE,EVEN,JUST,FAIR,EQUAL,IMPOSSIBLE,GOOD,NOTHING,WARREN,ANIMAL HOMES,VIRTUAL SPACES,EQUITABLE,___ BURGER
132,PLATE,DISH,SAUCER,BOWL,BALONEY,CROCK,BUNK,TRIPE,HOOK,WIRE,CUP,STRAP,SPAM,RADAR,LASER,SCUBA,TABLEWARE,NONSENSE,BRA PARTS,ACRONYMS
133,LOUNGE,LOAF,HANG,CHILL,JAM,BANGER,GROOVE,BOP,SCONE,TRIFLE,MASH,ROAST,PICKLE,SCRAPE,BIND,SPOT,RELAX,CATCHY SONG,BRITISH CUISINE,STICKY SITUATION
134,RING,FOCUS,VIBRATE,SILENT,SPUR,MOTIVATE,DRIVE,INSPIRE,FEELINGS,SPARK,VIBE,CONNECTION,CANDY,COPY,SELTZER,KNOCKS,CELL PHONE MODES,IMPEL,ROMANTIC BEGINNINGS,HARD ___
135,SCHOOL,PRIDE,COLONY,HERD,CRANNY,NOOK,RECESS,NICHE,MODEL,TEXTBOOK,CLASSIC,DEFINITIVE,DOWNTOWN,RAGTAG,BIGWIG,BACKPACK,ANIMAL GROUPS,SMALL OPENING,PARADIGMATIC,RHYMING COMPOUND WORDS
136,PERFECT,FUTURE,PRESENT,PAST,GOODNESS,MERCY,HEAVENS,LORD,LADY,DRUMMER,RING,SWAN,MAPLE,SIMPLE,COUGH,CORN,GRAMMAR TENSE TERMS,“GRACIOUS ME!”,12 DAYS OF CHRISTMAS,___ SYRUP
137,GROW,SWELL,MOUNT,BUILD,ACES,NEATO,NIFTY,KEEN,HEAD,LATHER,FOAM,FROTH,GLOBE,BUBBLE,MARBLE,PEARL,INCREASE,"EXCELLENT, IN OLD SLANG",FINE BUBBLES,SPHERICAL THINGS
138,CHEEK,BRASS,NERVE,GALL,GOLD,SILVER,COPPER,NICKEL,LIBERTY,MERCURY,SKY,SPARKS,ELEPHANTS,CARS,TREES,SWIMMERS,SHAMELESS BOLDNESS,METAL ELEMENTS,W.N.B.A. TEAMS,THINGS WITH TRUNKS
139,TASTE,TOUCH,SIGHT,SMELL,LOOK,STYLE,DRESS,MANNER,SAME,SECOND,DITTO,LIKEWISE,NEW,SAILOR,HARVEST,BLUE,SENSES,APPEARANCE,“AGREE!”,___ MOON
140,STEW,HASH,JUMBLE,MEDLEY,FACE,CHALLENGE,OPPOSE,CONFRONT,CLUTCH,HATCH,BROOD,LITTER,NECK,FRET,BRIDGE,BODY,MISHMASH,GO UP AGAINST,GROUP OF OFFSPRING,GUITAR PARTS
141,TALON,WING,FEATHER,BEAK,HEARTBEAT,FLASH,SECOND,WINK,DRAGON,SEASON,BAMBOO,WIND,HOT,BELLY,SNOOZE,PANIC,BIRD FEATURES,BLINK OF AN EYE,MAHJONG TILES,___ BUTTON
142,DAISY,TULIP,ROSE,VIOLET,FARMER,TRACTOR,BARN,CHICKEN,CARPENTER,CRAVEN,WAN,ASTER,YELLOW,SPORTS,LIFE,DUST,FLOWERS,SEEN ON A FARM,HORROR DIRECTORS,___ JACKET
143,LIKE,FOLLOW,SHARE,SUBSCRIBE,HEM,DARN,SEAM,SEW,HOUSE,ER,SCRUBS,RATCHED,WELL,UM,ERM,UH,SOCIAL MEDIA ACTIONS,USE A NEEDLE AND THREAD,SHOWS SET IN HOSPITALS,EXPRESSIONS OF HESITATION
144,LIGHT,KINDLE,TORCH,BURN,NEWS,INTEL,DATA,INFO,VALLEY,DELL,GLEN,HOLLOW,COMPUTER,APPLE,PLANET,REACTOR,IGNITE,INFORMATION,SMALL WOODED AREA,THINGS WITH CORES
145,YET,STILL,HOWEVER,THOUGH,THERE,TUT,KNOCK,HEAR,ARE,YOU,SEE,WHY,WE,JELLY,FAMILY,FLUSH,NEVERTHELESS,REPEATED WORDS IN EXPRESSIONS,WORDS ABBREVIATED WITH LETTERS,ROYAL ___
146,TRAIN,STUDY,DRILL,PRACTICE,STRAW,TUBE,PIPE,HOSE,ROPE,KNIFE,WRENCH,CANDLESTICK,TICKET,BIKE,SPORTS,CIGARETTE,WAYS TO PREPARE,HOLLOW CYLINDERS,WEAPONS IN THE GAME CLUE,“E-” THINGS
147,STABLE,EVEN,LEVEL,STEADY,PIN,LANCE,SKEWER,SPIT,SPIN,PITCHFORK,ROLLING STONE,BILLBOARD,BICYCLE,TRILOGY,UNIFORM,QUADRANT,UNCHANGING,"LONG, SHARP OBJECTS",MUSIC PUBLICATIONS,WORDS WITH NUMERICAL PREFIXES
148,STOCK,CD,BOND,OPTION,WAX,PLATTER,VINYL,LP,ICE,BOUILLON,SUGAR,DIE,SOUP,HERRING,WISH,FUNNY,INVESTMENTS,TERMS FOR RECORDS,CUBE-SHAPED,WORDS THAT GO WITH “BONE”
149,PING,CHIME,DING,RING,RAT,SING,SNITCH,SQUEAL,CAMP,DIVISION,WING,FACTION,BING,WORD,EDGE,SURFACE,DIGITAL NOTIFICATION SOUNDS,TATTLE,GROUP WITHIN A GROUP,MICROSOFT PRODUCTS
150,TOWEL,UMBRELLA,FLIP-FLOP,SUNSCREEN,WAFFLE,WEDGE,CURLY,SHOESTRING,YO-YO,HEDGE,WAVER,SEE-SAW,MARY,MULE,BREEZE,RUSSIAN,BROUGHT TO THE BEACH,TYPES OF FRENCH FRIES,EQUIVOCATE,SECOND WORDS OF VODKA COCKTAILS
151,EXERCISE,FRESH AIR,DIET,SLEEP,COMPOSE,SEND,FORWARD,REPLY ALL,SERIAL,WTF,UP FIRST,RADIOLAB,DIVINE,SKETCH,PROP,BLACK,DOCTORS’ ORDERS,EMAIL ACTIONS,PODCASTS,___ COMEDY
152,DILL,SAGE,NUTMEG,ANISE,QUICK,BRIGHT,SHARP,SMART,SECRET,DEGREE,AXE,OLD SPICE,SPEAR,CLUB,MACE,SWORD,SPICES,INTELLIGENT,DEODORANTS,MEDIEVAL WEAPONS
153,SHORT,SPARE,LIGHT,THIN,KICK,BALL,BLAST,RIOT,BOOM,DOLLY,TRIPOD,LENS,ROOM,CLUE,GRIP,LIFE,SPARSE/LACKING,FUN TIME,FILMMAKING EQUIPMENT,“GET A ___!”
154,FORD,GRANT,WILSON,LINCOLN,SCOUT,COACH,GM,PLAYER,BMW,SUBARU,JAGUAR,HONDA,AUTO,POST,SUB,SEMI,PRESIDENTS,SPORTS PROFESSIONALS,CAR COMPANIES,COMMON PREFIXES
155,WORD,LETTER,SENTENCE,PARAGRAPH,STAMP,FEATURE,HALLMARK,TRAIT,CLOWN,CARD,JOKER,CUTUP,TEA,BOOK,TREE,TABLE,UNIT OF LANGUAGE,TRADEMARK,FUNNY PERSON,THINGS WITH LEAVES
156,HAPPINESS,FEAR,ANGER,SURPRISE,PRESTO,VOILA,BEHOLD,TADA,WIN,LAND,GET,SECURE,FIRE,ADAM,RED,CARPENTER,BASIC EMOTIONS,BIT OF VOCAL FANFARE,OBTAIN,___ ANT
157,EW,PU,UGH,ICK,OK,O,US,W,SI,DA,JA,HAI,WE,WII,WEE,OUI,“GROSS!”,MAGAZINES,“YES” IN DIFFERENT LANGUAGES,HOMOPHONES
158,BULL,ROT,NONSENSE,HOGWASH,LEAD,STEER,DIRECT,GUIDE,FISH,MOOSE,DEER,BUFFALO,WHITE,LAKE,SEAL,DANE,BALDERDASH,HELM,SINGLE/PLURAL ANIMALS,GREAT ___
159,DIPS,PLANKS,LUNGES,SQUATS,CHEERS,THANKS,REGARDS,BEST,CARDS,YANKS,JAYS,NATS,MOSS,BANKS,TAYLOR,WARREN,BODYWEIGHT EXERCISES,EMAIL SIGN-OFFS,"M.L.B. TEAMS, FOR SHORT",ELIZABETHS (AND ONE ELISABETH)
160,GANDER,LOOK,GLANCE,GLIMPSE,FRONT,CHARADE,BLUFF,ACT,RIDGE,CLIFF,CRAG,LEDGE,PEEK,PEAK,PIQUE,PEKE,QUICK PEEK,DECEIT,PARTS OF A MOUNTAIN,HOMOPHONES
161,DAWN,BIRTH,CREATION,START,GRAND,AUGUST,NOBLE,REGAL,STEP,TREAD,MARCH,STRIDE,MAY,LABOR,EARTH,GROUNDHOG,ONSET,VENERABLE,WALK,___ DAY HOLIDAYS
162,CARDINAL,PASTOR,LAMA,MONK,GORILLA,GIBBON,BABOON,BONOBO,MINT,TOMATO,MANGO,TAMARIND,MIRROR,PARROT,APE,MIME,RELIGIOUS FIGURES,PRIMATES,CHUTNEY VARIETIES,IMITATE
163,TUSK,FANG,CANINE,MOLAR,HIP,HOT,CHIC,IN,FLOSS,VOGUE,ROBOT,WORM,STRAW,VAMPIRE,VACUUM,LEECH,TYPES OF TEETH,FASHIONABLE,DANCE MOVES,THINGS THAT SUCK
164,PASS,RAVINE,CANYON,GULCH,SCARF,WOLF,GORGE,GULP,MIRROR,APPLE,BASHFUL,QUEEN,CLARK,COWL,CRAVEN,CHEN,AREAS BETWEEN MOUNTAINS AND HILLS,EAT VORACIOUSLY,FEATURED IN “SNOW WHITE”,“C” + BIRD
165,TURNOVER,PIE,TART,PASTY,BOUQUET,PARFAIT,RAPPORT,RAGOUT,TURKEY,POLAND,TUNISIA,JAPAN,CURRY,BIRD,JORDAN,JAMES,FOODS WITH CRUSTS,ENDING IN A SILENT “T”,COUNTRIES WITH RED AND WHITE FLAGS,N.B.A. GREATS
166,KNOCK,SLAM,PAN,ROAST,ALONE,CHOPPED,CATFISH,SURVIVOR,MINI,RAM,JAGUAR,FIAT,MOUSE,LILY,BACHELOR,MAXI,CRITICIZE,REALITY SHOWS,CAR BRANDS,___ PAD
167,REMOTE,HIDDEN,SECRET,PRIVATE,NUMBER,VOLUME,AMOUNT,QUANTITY,CHANNEL,SOUND,STRAIT,CANAL,96,SIS,NOON,MOW,SECLUDED,AGGREGATE SIZE,BODIES OF WATER,READS THE SAME ROTATED 180°
168,CITY,TOWN,VILLAGE,COUNTY,PULSE,GRIND,CHOP,PUREE,CAPITAL,EQUITY,INTEREST,STOCK,JUSTICE,IVY,LITTLE,PREMIER,MUNICIPALITIES,BLENDER BUTTONS,FINANCIAL TERMS,___ LEAGUE
169,HUM,SING,WHISTLE,SCAT,GROSS,COUNT,SUM,TOTAL,SODA,MINT,LIME,RUM,STICK,GUM,TAPE,GLUE,CARRY A TUNE,WHOLE AMOUNT,MOJITO INGREDIENTS,THINGS THAT ARE “STICKY”
170,STUDY,KITCHEN,DEN,BEDROOM,KEY,ISLAND,BAR,ATOLL,STUFF,PACK,JAM,CRAM,BAG,COUNTER,DIP,SPROUT,ROOMS IN A HOUSE,LAND SURROUNDED BY WATER,FILL TO EXCESS,BEAN ___
171,SOLE,BALL,TOE,ARCH,HORN,BASS,HARP,ORGAN,DOWN,COME,SIT,STAY,DOG,SNAKE,HEEL,JERK,FOOT PARTS,MUSICAL INSTRUMENTS,DOG COMMANDS,BADDIE
172,ESCAPE,DUCK,SKIRT,DODGE,REBECCA,BIRDS,ROPE,NOTORIOUS,ROBIN,GOOSE,HOBBES,WATSON,COTTAGE,CREAM,STRING,SAY,AVOID,HITCHCOCK MOVIES,SIDEKICKS,___ CHEESE
173,STORE,OUTLET,MARKET,MALL,WAX,THREAD,SHAVE,TWEEZE,PIECE,SHARE,CUT,TAKE,CRESCENT,MONKEY,SOCKET,ALLEN,PLACES TO SHOP,WAYS TO REMOVE HAIR,PORTION OF PROFIT,KINDS OF WRENCHES
174,HAMPER,BASKET,CHEST,BIN,HOOP,RING,BAND,CIRCLE,CAP,CURB,CHECK,LIMIT,NBA,PAPER,PEARL,TRAFFIC,CONTAINERS,CIRCULAR SHAPES,RESTRICT,___ JAM
175,WATER,GAS,ELECTRIC,CABLE,SONIC,ACOUSTIC,HEARD,AUDITORY,LINK,COUPLE,HITCH,TIE,FIRE,PUMP,AMP,HYPE,MONTHLY BILLS,RELATED TO SOUND/HEARING,CONNECT,"EXCITE, WITH “UP”"
176,BUN,LOAF,ROLL,BAGUETTE,LOCK,SECURE,CLINCH,GUARANTEE,CHIP,MARK,SCRATCH,NICK,STEAM,HAIR,LETTUCE,STATE,UNIT OF BREAD,"ASSURE, AS A WIN",SMALL IMPERFECTION,HEAD OF ___
177,GREAT,BIG,GIANT,HUGE,POETRY,HUMOR,FICTION,TRAVEL,GLEE,FELICITY,CHEERS,EUPHORIA,CONSTRUCTION,PAPER,WHOOPING,FRASIER,ENORMOUS,BOOKSTORE SECTIONS,TV SHOWS WITH HAPPY-SOUNDING NAMES,___ CRANE
178,NOTE,STAFF,REST,CLEF,SCALES,BULL,CRAB,TWINS,ISLAND,CAPITOL,VIRGIN,COLUMBIA,TAU,GEM,CAN,LIB,FOUND ON SHEET MUSIC,ZODIAC SYMBOLS,RECORD LABELS,ZODIAC SIGN BEGINNINGS
179,MA,LA,OK,HI,BET,USA,E,HALLMARK,ALFA,TANGO,BRAVO,ROMEO,POM,YO,BOO,TOM,STATE ABBREVIATIONS,CABLE CHANNELS,IN THE NATO ALPHABET,___-___
180,FLAG,FADE,EBB,WANE,PURE,UTTER,SHEER,TOTAL,STATE,AIR,SPEAK,VOICE,PRINCE,BANNER,STARK,WAYNE,DECLINE,ABSOLUTE,EXPRESS,SUPERHERO LAST NAMES
181,SHAKE,FLOAT,SPLIT,SUNDAE,NAIL,SCREW,BOLT,RIVET,PEANUT,PALM,OLIVE,CORN,RICE,NOTE,FINGERS,WICKET,ICE CREAM TREATS,HARDWARE FASTENERS,KINDS OF COOKING OIL,STICKY ___
182,BANK,SAVE,STORE,STASH,STONES,NERVE,GUTS,GALL,STICKS,COAL,CARROT,SNOW,PAGES,BONE,BUSINESS,GIRL,RESERVE FOR LATER,"BOLDNESS, FIGURATIVELY",USED TO BUILD A SNOWMAN,FUNNY ___
183,CRAB,CRANK,GRUMP,GROUCH,DUCK,STOOP,CROUCH,SQUAT,MOTTO,SEAL,FLAG,ANTHEM,SHARK,QUACK,CROOK,CHEAT,CURMUDGEON,GET LOW,NATIONAL SYMBOLS,SWINDLER
184,BUG,HOUND,BADGER,NAG,BOWL,FIELD,DOME,ARENA,FORK,PART,SPLIT,DIVIDE,SPOON,SCREEN,FOX,LINING,PESTER,SPORTS VENUES,SEPARATE,SILVER ___
185,ROUGH,GREEN,BUNKER,FAIRWAY,STOP,ENOUGH,UNCLE,MERCY,BLUE,COARSE,BAWDY,RISQUE,TOUGH,DOUGH,COUGH,BOUGH,GOLF COURSE PARTS,“I GIVE!”,INDECENT,”-OUGH” WORDS THAT DON’T RHYME
186,PLOW,SICKLE,RAKE,HOE,PLOT,PLOY,TRICK,RUSE,TICKLE,AMUSE,PLEASE,DELIGHT,PLOP,BANG,SPLASH,THUD,FARM TOOLS,SCHEME,MAKE HAPPY,ONOMATOPOEIA
187,SILK,VELVET,SATIN,CHIFFON,LAND,PERCH,SETTLE,ROOST,LACE,SOLE,TONGUE,EYELET,BLOW,BABY,PACKAGE,SPEECH,LUXURIOUS FABRICS,COME DOWN TO REST,SHOE PARTS,THINGS THAT ARE DELIVERED
188,CLOUD,FOG,HAZE,MIST,TAIL,SHADOW,TRACK,TRAIL,BALL,FLIPPER,BUMPER,PLUNGER,FIN,ICE,IRE,GREEN,MURKY CONDITION,FOLLOW,PINBALL MACHINE COMPONENTS,___LAND
189,BANK,MOUTH,BED,DELTA,BREEZE,SNAP,CINCH,PICNIC,SPIRAL,WIND,TWIST,COIL,SPRING,VAULT,LEAP,BOUND,PARTS OF A RIVER,SOMETHING EASY TO DO,WRAP AROUND IN A CIRCLE,JUMP INTO THE AIR
190,JIFFY,SECOND,FLASH,WINK,FIRST,CHIEF,PRINCIPAL,MAIN,BROADWAY,PARK,FIFTH,MADISON,AMATEUR,HAPPY,RUSH,ELEVENTH,BRIEF MOMENT,PRIMARY,AVENUES IN N.Y.C.,___ HOUR
191,WATCH,TIE,BRACELET,BELT,SKETCH,ROUTINE,BIT,JOKE,DRAW,CHARM,PULL,APPEAL,FREIGHT,OFTEN,CANINE,STONE,ACCESSORIES,COMEDIAN’S OUTPUT,ATTRACTION,TWO LETTERS + NUMBER
192,BUZZ,RING,CALL,DIAL,INDEX,APPENDIX,CHAPTER,PREFACE,DINKY,SLIGHT,MINUTE,LITTLE,ITCHY,PINKY,SPEEDY,JERRY,CONTACT VIA PHONE,BOOK SECTIONS,WEE,CARTOON MICE
193,HAMPER,IRON,DRYER,WASHER,LEAD,DIRECT,GUIDE,STEER,MYSELF,ONE,IODINE,IOTA,HIDDEN,SILICON,UNCANNY,DEATH,SEEN IN A LAUNDRY ROOM,SHEPHERD,WHAT “I” MIGHT MEAN,___ VALLEY
194,ANGEL,WITCH,CLOWN,PIRATE,COMB,WAX,HONEY,HIVE,SPELL,WHILE,PERIOD,STRETCH,HAIR,WAIL,DEAR,HOARSE,CLASSIC HALLOWEEN COSTUMES,BEE CREATIONS,INTERVAL OF TIME,ANIMAL HOMOPHONES
195,CAR,BOAT,TRAIN,PLANE,GAME,IN,DOWN,ON BOARD,DASH,SPLASH,DROP,PINCH,BLUE,STRAW,GOOSE,RASP,MEANS OF TRANSPORTATION,WILLING TO PARTICIPATE,"LITTLE BIT, IN A RECIPE",___BERRY 
196,SOFT,LIGHT,MELLOW,MILD,SHOULDER,CHOP,BELLY,HOCK,CROWN,ROBE,TORCH,TABLET,DICE,CANDLE,EYELASH,DANDELION,GENTLE,CUTS OF PORK,STATUE OF LIBERTY FEATURES,THINGS TO BLOW ON FOR WISHES/LUCK
197,BABY,LOVE,BOO,DEAR,LINE,POINT,RAY,SEGMENT,ZIP,ENERGY,JUICE,FIRE,SANTA,SAUCE,CODE,AGENT,DARLING,BASIC GEOMETRIC OBJECTS,OOMPH,SECRET ___
198,DRIVE,STREET,ALLEY,LANE,LEAF,PAGE,SHEET,FOLIO,STEM,CHECK,CURB,LIMIT,THUMB,PICK,BLOW,HOLD,ROAD NAMES,PAPER IN A BOOK,RESTRAIN,THINGS YOU CAN DO TO YOUR NOSE
199,SIGN,WARNING,MESSAGE,OMEN,MS,REV,GEN,PROF,PAINT,PASTEL,INK,CHARCOAL,GHOST,BELL,BLACK,DR,INDICATION OF THINGS TO COME,NAME PREFIXES,ART MEDIUMS,___ PEPPER
200,HOOD,TRUNK,TIRE,BUMPER,ZIP,DASH,DART,BOLT,SWIFT,CARDINAL,LARK,JAY,HOLIDAY,MONK,PARKER,HANCOCK,PARTS OF A CAR,MOVE QUICKLY,BIRDS,JAZZ LEGENDS
201,POLO,TEE,CROP,TANK,BAD,FLY,FRESH,RAD,JAY,GEE,BEE,EX,SAINT,BOY,BY,CURIOUS,SHIRTS,"COOL, IN ’80S SLANG",LETTER SPELLINGS,___ GEORGE
202,PANDA,ORCA,SKUNK,ZEBRA,STRING,TRAIN,CHAIN,SERIES,DESERT,WIND,DOVE,BASS,BEAR,SAND,SPEED,TOURIST,BLACK-AND-WHITE ANIMALS,SEQUENCE,HETERONYMS,___ TRAP
203,CLUB,GROUP,PARTY,TEAM,DETAIL,RESOLUTION,DEFINITION,CLARITY,NICE,CHAMPAGNE,TOURS,DIJON,COUNTDOWN,KISS,BALL,FIREWORKS,ORGANIZATION,"SHARPNESS, AS OF AN IMAGE",PLACES IN FRANCE,HAPPY NEW YEAR!
204,WEED,WATER,SEED,PLANT,WEDGE,GREEN,GREEK,CAESAR,WHEEL,FEUD,PYRAMID,MILLIONAIRE,WAY,WEE,WHY,WHOA,GARDENING NOUNS/VERBS,KINDS OF SALADS,"CLASSIC GAME SHOWS, FAMILIARLY",W + VOWEL SOUND
205,BREAD,TOMATO,BACON,LETTUCE,JAM,BLOCK,STOP,CLOG,WALK,HIT,DOUBLE,RUN,WONDER,TALK,WORLD,FRY,B.L.T. INGREDIENTS,OBSTRUCT,BASEBALL STATS,SMALL ___
206,FLY,GLIDE,FLOAT,SOAR,TAP,BUG,MIKE,WIRE,TICK,CHECK,X,MARK,TIP,40,PAIN,COLE,MOVE THROUGH THE AIR,HIDDEN LISTENING DEVICES,"SELECT, AS A BOX ON A FORM",RAPPERS MINUS FIRST LETTER
208,BOX,BOW,CARD,WRAPPING,MATCH,SWIPE,BLOCK,MESSAGE,SICK,FIRE,TIGHT,LIT,CHARM,STRIKE,DUCK,BREAK,GIFT-GIVING ACCESSORIES,DATING APP ACTIONS,"COOL, IN SLANG",LUCKY ___
209,KID,TEASE,RIB,JOSH,TOP,MAX,PEAK,HEIGHT,DOZEN,PAIR,GROSS,SCORE,ADULT,TEN,TIMES,KISS,PLAYFULLY BOTHER,APEX,WORDS FOR SPECIFIC QUANTITIES,WHAT “X” MIGHT MEAN
210,FUNK,TANG,MUSK,ODOR,WAVE,SWING,ROCK,SWAY,BONE,LOCK,AFRO,FIGHT,DISCO,CRYSTAL,GUTTER,FOUL,STRONG SMELL,MOVE BACK AND FORTH,THINGS TO PICK,___ BALL
212,BASKETBALL,CARROT,GOLDFISH,PUMPKIN,STICK,POLE,STAFF,ROD,CART,CLUB,HOLE,TEE,TRIANGLE,HORSESHOE,PITCHFORK,CIRCLE,THINGS THAT ARE ORANGE,"LONG, SKINNY OBJECTS",SEEN ON A GOLF COURSE,SHAPES OF CAPITAL GREEK LETTERS
213,META,APPLE,ALPHABET,AMAZON,PHYSICAL,BAR,FINAL,ORAL,BEAUTY,PEACH,GEM,MARVEL,WISDOM,BABY,EYE,SWEET,TECH COMPANIES,KINDS OF EXAMS,SOMETHING EXEMPLARY,___ TOOTH
214,SPONGE,BROOM,RAG,MOP,SALT,HEAT,FAT,ACID,SMOKE,DUST,POLLEN,PEPPER,SHAFT,MONK,MAGNUM,TRACY,CLEANING SUPPLIES,"ELEMENTS OF COOKING,  PER SAMIN NOSRAT",THINGS THAT MAKE YOU SNEEZE,TITULAR FICTIONAL DETECTIVES
215,CHARM,SPELL,CURSE,HEX,POKER,LOG,GRATE,FLUE,DICE,CHIPS,CARDS,SLOTS,MELT,SLICE,SHRED,CRUMBLE,BIT OF MAGIC,FOUND AROUND A FIREPLACE,THINGS SEEN AT A CASINO,WAYS TO PREPARE CHEESE
216,LIQUID,GAS,SOLID,PLASMA,GREAT,LEGEND,ICON,HERO,PHAT,PHILLY,PHEW,PHISH,PERFECT,ELEVATOR,FEVER,SALES,STATES OF MATTER,ALL-TIMER,“PH” WORDS THAT ALSO WORK WITH “F”,___ PITCH
217,POINT,SUBJECT,MATTER,ISSUE,STAGE,PERIOD,CHAPTER,PHASE,SHOCK,WHEEL,DASH,TANK,READ,BLEW,ROWS,CHORAL,TOPIC OF DISCUSSION,SECTION OF ONE’S LIFE,"PARTS OF A CAR, INFORMALLY",COLOR HOMOPHONES
218,BADGE,PASS,TICKET,INVITE,RUN,DIRECT,CHAIR,LEAD,TACKLE,END,CENTER,SAFETY,PUNT,TABLE,STALL,HOLD,CREDENTIALS FOR ENTRY,PRESIDE OVER,AMERICAN FOOTBALL POSITIONS,POSTPONE
219,RANGE,MODE,MEAN,MEDIAN,BASE,BOND,SOLUTION,ELEMENT,PRETTY,RATHER,REAL,AWFUL,GROSS,GLASS,STERN,KING,DATA SET DATA,CHEMISTRY TERMS,ADJECTIVE INTENSIFIERS,RADIO HALL OF FAME MEMBERS
220,SLATE,TICKET,BALLOT,ROSTER,PAD,SHIELD,CUSHION,BUFFER,CREAM,SYRUP,TABLET,CAPSULE,SOUP,POD,COAT,GREEN,LIST OF CANDIDATES,PROTECTIVE BARRIER,MEDICINE FORMATS,PEA ___
221,TRICK,FOOL,CON,DUPE,WORD,SKINNY,SCOOP,DOPE,LIST,CANT,LEAN,SLOPE,HELLO,EGGSHELL,GIGGLE,BOOB,DECEIVE,INSIDE INFO,TILT TO ONE SIDE,WORDS SPELLED WITH AN UPSIDE-DOWN CALCULATOR
222,CHECK,BILL,TAB,INVOICE,ROB,SWIPE,PINCH,STEAL,JACK,BUCK,TOM,BULL,TIGHT,JEAN,SHORT,PANT,THINGS TO PAY,THIEVE,MALE ANIMALS,"LEGWEAR, IN THE SINGULAR"
223,PEACOCK,POSTURE,GRANDSTAND,STRUT,PRIME,SUPREME,PARAMOUNT,MAIN,GREEN,BLUE,WHITE,YELLOW,LOVE,COVER,SCARLET,CHAIN,SHOW OFF,FOREMOST,COLORS IN BRAZIL’S FLAG,___ LETTER
224,NUTS,CHERRY,FUDGE,SPRINKLES,DESERT,MAROON,STRAND,DITCH,RATS,SHOOT,DARN,CURSES,PEPPERS,FUZZY,SEASHELLS,WOODCHUCK,SUNDAE TOPPINGS,LEAVE HIGH AND DRY,“PHOOEY!”,WORDS IN TONGUE TWISTERS
225,DROP,DIP,SINK,FALL,TEAR,FLY,BLAZE,RACE,TAP,SALSA,MODERN,SWING,TALK,SHOWER,CARROT,BOOM,DECLINE,MOVE WITH SPEED,KINDS OF DANCE,BABY ___
226,HOSE,FLEECE,STIFF,ROB,CANDLE,CRAYON,SEAL,HONEYCOMB,WING,CABIN,NOSE,ENGINE,HEAD,BULB,EAR,STALK,RIP OFF,THINGS MADE OF WAX,PARTS OF AN AIRPLANE,UNITS OF VEGETABLES
227,STAFF,SCEPTER,WAND,BATON,CROWN,FILLING,CAVITY,PLAQUE,APPROVED,VOID,PAID,URGENT,SCHOOL,GAP,LIGHT,LEAP,SYMBOLIC RODS,DENTAL TERMS,RUBBER STAMP WORDS,___ YEAR
228,DEVISE,COIN,CREATE,INVENT,PRIME,FINE,QUALITY,STERLING,AT,DOLLAR,POUND,PERCENT,TIME,BAR,TORCH,BUCK,BRING INTO BEING,EXCELLENT,SYMBOLS ABOVE NUMBERS ON A KEYBOARD,PASS THE ___
229,CLOCK,CAMERA,CALCULATOR,CALENDAR,CONE,IRIS,LENS,PUPIL,POPPY,MUM,GRAMMY,DADA,ROSE,EXPOSE,RESUME,PATE,SMARTPHONE FEATURES BEGINNING WITH “C”,PARTS OF THE EYE,FAMILIAL NICKNAMES,WORDS PRONOUNCED DIFFERENTLY WITH ACCENT MARKS
230,IN,POPULAR,HOT,BIG,ICON,CHARACTER,SYMBOL,GLYPH,CHARGE,FINE,LEVY,ASSESS,HANDSOME,HIPPO,LEGEND,LIPID,OF-THE-MOMENT,PICTOGRAPH,"IMPOSE, AS A PENALTY",WORDS BEGINNING WITH BODY PARTS
231,GLOVE,BAT,BASE,BALL,SOCK,STRIKE,BLOW,LICK,IRON,BOOT,THIMBLE,TOP HAT,DUST,HONEY,BAD,BUGS,BASEBALL EQUIPMENT,HARD HIT,ORIGINAL MONOPOLY TOKENS,___ BUNNY
233,SMART,STING,BURN,ACHE,MIND,WATCH,GUARD,TEND,HEART,COURAGE,BRAIN,HOME,WRIST,WRONG,ANSWER,TWO,HURT,LOOK AFTER,SOUGHT AFTER IN “THE WIZARD OF OZ”,SILENT “W”
234,VERTEX,PEAK,CREST,SUMMIT,CELL,NUMBER,CONTACT,DIGITS,BABY,TOY,POCKET,MINI,BAG,TILES,BOARD,RACKS,HIGHEST POINT,“CAN I GET YOUR ___?” (PHONE INFO REQUEST),MODIFIERS MEANING “SMALL”,INSIDE A SCRABBLE BOX
235,PROMOTE,PUSH,PITCH,PLUG,THING,PAIR,ITEM,COUPLE,LOVE,AD,DEUCE,ALL,DRAGON,JACK,PASSION,BREAD,DO SOME MARKETING FOR,ROMANTIC TWOSOME,TENNIS SCORING TERMS,WORDS WITH “FRUIT”
236,HAMMER,POUND,BANG,SLAM,REGISTER,SUN,HERALD,CHRONICLE,BANANA,SICKLE,MOON,CROISSANT,FLOWER,FEATHER,STAR,MUSHROOM,HIT HARD,NEWSPAPER NAMES,CRESCENT-SHAPED THINGS,POWER-UPS IN SUPER MARIO WORLD
238,CUT,PARE,TRIM,CLIP,BUILT,RIPPED,JACKED,SWOLE,LOVER,BUFF,NUT,FAN,PUG,BRAIN,PRUNE,WALNUT,MAKE SHORTER,MUSCULAR,ENTHUSIAST,WRINKLY THINGS
239,GLEE,FESTIVITY,CHEER,MIRTH,FLORIST,BAND,CATERER,OFFICIANT,CHOIR,FIRE,FRYER,LIAR,TAR,ORCHESTRA,SNAKE,BARBECUE,MERRIMENT,BOOKED FOR A WEDDING,RHYMES,___ PIT
240,LEAVE,BREAK,HOLIDAY,RECESS,BUCKLE,LOOP,HOLE,STRAP,HOLI,HOLY,HOLEY,WHOLLY,DRIFT,SANDAL,HOLLY,DOG,TIME OFF,FEATURES OF A BELT,HOMOPHONES,___WOOD
241,AGENCY,FIRM,COMPANY,ENTERPRISE,PEN,STABLE,COOP,STY,SPOT,REX,ROVER,FLUFFY,INK,OLD,LACK,RANGE,COMMERCIAL ORGANIZATION,FARM FIXTURES,CLASSIC DOG NAMES,COLORS MINUS THEIR FIRST LETTERS
242,COFFEE,MATE,COCOA,TEA,VANILLA,BORING,MUNDANE,DULL,SET,ACT,ROUTINE,BIT,UP,DRY,TWIST,DIRTY,DRINKS WITH CAFFEINE,UNEXCITING,COMEDIAN’S PERFORMANCE,MARTINI SPECIFICATIONS
243,BROTHER,LORD,SHEESH,PLEASE,BISHOP,CARDINAL,PRIOR,PASTOR,QUEEN,HEART,PRINCE,MADONNA,DELI,NIECE,SOUL,ROAM,"""GIVE ME A BREAK!""",ECCLESIASTICAL TITLES,ROCK & ROLL HALL OF FAME INDUCTEES,CITY HOMOPHONES
244,RAT,CANARY,SNITCH,FINK,PACK,JAM,STUFF,SQUEEZE,MOUNTAIN,CAT,COW,TRIANGLE,DRAGON,BUTTER,HORSE,FIRE,STOOL PIGEON,CRAM INTO A TIGHT SPACE,YOGA POSES,___FLY
245,LOCK,CURL,TRESS,RINGLET,PRESS,EXPOSURE,COVERAGE,PUBLICITY,SHIP,NESS,ION,DOM,FAMILY,FLEA,FLYING,MEDIA,BIT OF HAIR,MEDIA ATTENTION,NOUN SUFFIXES,___ CIRCUS
247,DRAG,DRIP,BORE,DUD,WIND,STRING,RHYTHM,BRASS,DROP,TEAR,BEAD,GLOB,LEAK,BEAT,CHARRED,PEE,PARTY POOPER,MUSICAL SECTIONS,BIT OF LIQUID,VEGETABLE HOMOPHONES
248,BOW,TARGET,ARROW,QUIVER,BRIDGE,SPIT,GIN,WAR,CLOCK,DECK,BELT,SLUG,HEART,ANCHOR,DRAGON,ROSE,ARCHERY EQUIPMENT,CARD GAMES,WALLOP,CLASSIC TATTOOS
249,SPONGE,RAY,CRAB,SQUID,SQUARE,CIRCLE,DIAMOND,TRIANGLE,BOB,HOOK,CROSS,WEAVE,PANTS,FREE,THAT,FEAST,SEA CREATURES,BASIC TWO-DIMENSIONAL SHAPES,BOXING MANEUVERS,FANCY ___
250,KISS,SKIM,BRUSH,GRAZE,WHOLE,PERFECT,ODD,PRIME,PLUM,SOY,OYSTER,XO,CLAW,HUG,FRUIT,WITNESS,TOUCH LIGHTLY,KINDS OF NUMBERS,SAUCES IN CHINESE CUISINE,BEAR ___
251,FREEZE,ECHO,DROP,LAG,MIME,SAILOR,REFEREE,PRISONER,PARROT,MONKEY,PRINCESS,GENIE,APOLLO,FANTASTIC,SAMURAI,CANDLES,BAD THINGS FOR A VIDEO CALL TO DO,COSTUMES WITH STRIPED SHIRTS,SEEN IN “ALADDIN”,MOVIES MINUS NUMBERS
252,EGG,GOAD,SPUR,URGE,ORANGE,MEATBALL,MOZZARELLA,JAWBREAKER,PRODUCE,DAIRY,SNACK,FROZEN,FIGURE,STEADY,FISH,BANANAS,"ENCOURAGE, WITH ""ON""",SPHERICAL FOODS,GROCERY STORE AISLES,GO ___
253,SKIP,STOP,SHUFFLE,REWIND,RUN,AIR,SCREEN,SHOW,CARD,PICTURE,BATH,CURTAIN,ETHER,NET,EON,TOW,MUSIC PLAYER BUTTONS,BROADCAST,THINGS YOU CAN DRAW,NUMBER ANAGRAMS
254,WATCH,MONITOR,TRACK,SURVEY,DESERT,HOURGLASS,BEACH,PLAYGROUND,LIGHT,BAKE,TIMER,BROIL,OASIS,BLUR,PULP,SUEDE,FOLLOW ATTENTIVELY,WHERE YOU MIGHT FIND SAND,OVEN BUTTONS,BRITPOP BANDS
255,PURR,BUZZ,DRONE,HUM,DORY,BARGE,SCOW,SLOOP,NEMO,AMERICA,HOOK,MORGAN,PLUTO,AUTO,DEMO,BUREAU,MONOTONOUS SOUNDS,BOATS,CAPTAINS,PREFIXES WITH -CRACY
256,LOUD,BRIGHT,GARISH,FLASHY,WIND,GAS,TOOT,STINKER,HONEY,PLATINUM,STRAWBERRY,DIRTY,HUG,OXYGEN,OF,ZERO,"OSTENTATIOUS, AS AN OUTFIT",EUPHEMISMS FOR FLATULENCE,KINDS OF BLOND,WHAT “O” MIGHT MEAN
257,SNACK,PECK,NIBBLE,GRAZE,STALK,HUNT,TRACK,TRAIL,STOCK,BEANS,PASTA,VEGETABLES,POD,TYPE,BROAD,FORE,EAT A LITTLE,PURSUE,INGREDIENTS IN MINESTRONE,___CAST
258,CROC,MOCCASIN,SLIPPER,LOAFER,PILLOW,SHUTTLECOCK,BOA,HEADDRESS,RUBY,PYTHON,BASIC,JAVA,COBRA,LIGHTNING,INSPIRATION,UNION,COMFY SHOES,THINGS MADE WITH FEATHERS,PROGRAMMING LANGUAGES,THINGS THAT CAN STRIKE
259,BUGS,HOUNDS,BADGERS,NAGS,COMPANY,CATS,CABARET,ANNIE,SUPER,COMPUTER,PIANO,TESTS,FISH,HARD KNOCKS,ROCK,THOUGHT,PESTERS,TONY WINNERS FOR BEST MUSICAL,THEY HAVE KEYS,SCHOOL OF ___
260,MILL,PLANT,SHOP,FACTORY,WIND,WING,WINE,WINK,CORE,SEED,STEM,RIND,FEATHER,MIDDLE,LIGHT,HEAVY,MANUFACTURING LOCATIONS,WIN + LETTER,PARTS OF FRUIT YOU MIGHT NOT EAT,WEIGHTS IN BOXING
261,SOUR,BITTER,SWEET,SALTY,BRAVE,FACE,MEET,CONFRONT,TYPE,KIND,VARIETY,SORT,ROMANTIC,EXPRESSION,SURREAL,MANNER,BASIC TASTES,"STAND UP TO, AS A CHALLENGE",ILK,"ART MOVEMENTS, WITH -ISM"
262,NEON,MULLET,HEADBAND,SPANDEX,SPLIT,TUCK,PIKE,STRADDLE,ANIMAL,GOLDFISH,RITZ,OYSTER,SALMON,ROPE,WORD,CORPORATE,'80S FASHION TRENDS,GYMNASTICS POSITIONS,KINDS OF CRACKERS,___ LADDER
263,BUTTER,GARLIC,BREAD,PARSLEY,STAKE,BET,RISK,GAMBLE,FANTASY,TOMORROW,FRONTIER,ADVENTURE,FRUIT,BASEBALL,CRICKET,VAMPIRE,GARLIC BREAD INGREDIENTS,WAGER,DISNEYLAND LANDS,___ BAT
264,PARADE,TRAIN,FLEET,CARAVAN,FOREST,OLIVE,MINT,LIME,EROTIC,DEMOCRATIC,NOBLE,SAD,SKELETON,HEDGEHOG,BOOK,CACTUS,PROCESSION,SHADES OF GREEN,WHAT “BLUE” MIGHT MEAN,THINGS WITH SPINES
265,MATCH,TINDER,LOG,KINDLING,SPOIL,BUMBLE,FLUFF,BLOW,DRILL,GRINDER,SAW,ROUTER,HINGE,LOCK,HANDLE,FRAME,USED IN BUILDING A FIRE,MESS UP,WORKSHOP TOOLS,PARTS OF A DOOR
266,WHINE,BARK,GROWL,HOWL,WING,BRANCH,ARM,CHAPTER,ROOT,CRADLE,FONT,SOURCE,CLUE,FROWN,PREEN,MELLOW,DOG SOUNDS,DEPARTMENT,ORIGIN,COLORS WITH THEIR FIRST LETTERS CHANGED
267,LUMBER,TRUDGE,STOMP,PLOD,PLASTIC,LIMBER,ELASTIC,SUPPLE,FOIL,GLOVE,MASK,JACKET,CELLOPHANE,ORGANISM,HARPOON,BASSINET,WALK HEAVILY,FLEXIBLE,FENCING EQUIPMENT,WORDS BEGINNING WITH INSTRUMENTS
268,LEAP,JUMP,SPRING,HOP,SAFE,VAULT,CHEST,COFFER,DAY,AGE,TIME,ERA,TANG,FLOW,DRIB,REED,PROPEL INTO THE AIR,PLACE TO STORE VALUABLES,PERIOD,ANIMALS BACKWARD
269,SEA,TON,MASS,SLEW,CAVE,BUCKLE,GIVE,COLLAPSE,WAVE,SNAP,WHISTLE,SHOUT,DANCE,FLOP,BUTTON,LAUGH,LARGE AMOUNT,FALL IN UNDER PRESSURE,WAYS TO GET ATTENTION,BELLY ___
270,MOLE,SLEEPER,ASSET,AGENT,FOOT,VERSE,LINE,METER,COUCH,INTIMATE,SUGGEST,IMPLY,OKAY,KELVIN,THOUSAND,POTASSIUM,INTELLIGENCE OPERATIVE,UNITS IN POETRY,EXPRESS INDIRECTLY,WHAT “K” MIGHT MEAN
271,BLUE,AMERICAN,SWISS,JACK,POLE,HURDLE,HAMMER,JAVELIN,CUBAN,KITTEN,WEDGE,STILETTO,SPACE,DUTCH,JEOPARDY,DATE,"CHEESES, FAMILIARLY",TRACK AND FIELD EQUIPMENT,KINDS OF HEELS,DOUBLE ___
272,STUDY,HALL,LOUNGE,LIBRARY,FELLOW,PEER,ASSOCIATE,PARTNER,PEEP,BUNNY,EGG,JELLY BEAN,SPY,BIRTHMARK,ANIMAL,UNIT,ROOMS IN THE GAME CLUE,COLLEAGUE,SEEN DURING EASTER,WHAT A MOLE CAN BE
273,SWIFT,MARS,GRANDE,STYLES,VEHICLE,MEANS,MEDIUM,CHANNEL,SMALL,OUTSIDE,SLIM,REMOTE,LARGE,LEGEND,ROOM,PROOF,POP MEGASTARS,METHOD,"UNLIKELY, AS CHANCES",LIVING ___
274,RUNWAY,TERMINAL,HANGAR,TARMAC,LAWSUIT,CLAIM,COMPLAINT,ACTION,CLUB,BEANBAG,TORCH,RING,WINDSOCK,TURNCOAT,FOXGLOVE,GUMSHOE,PARTS OF AN AIRPORT,LEGAL TERMS,THINGS A JUGGLER JUGGLES,WORDS ENDING IN CLOTHING
275,JOINT,COMMON,COLLECTIVE,MUTUAL,FLUSH,DRAIN,CLEAR,EMPTY,TOE,CIGARETTE,PENCIL,TICKET,PIPE,FEVER,AMERICAN,LUCID,SHARED,RID OF CONTENTS,ASSOCIATED WITH “STUB”,___ DREAM
276,DART,HEM,PLEAT,SEAM,CAN,DRY,FREEZE,CURE,PUNCH,EDGE,SPICE,BITE,HAW,LOO,CONDO,HERO,THINGS TO SEW,WAYS TO PRESERVE FOOD,SHARP QUALITY,BIRDS MINUS LAST LETTER
277,WINNER,HIT,SUCCESS,SMASH,SPIKE,BUMP,SET,SERVE,PIE,NEW,ROW,MOO,DAY,JELL,JACKIE,DADDY,BOX OFFICE VICTORY,VOLLEYBALL MOVES,HOMOPHONES OF GREEK LETTERS,___-O
278,MADNESS,FOLLY,NONSENSE,ABSURDITY,MARCH,PUSH,PROGRESS,ADVANCE,FEET,CHEESE,GARBAGE,SKUNK,FREEZE,SIX,FAKE,CUT,FOOLISHNESS,MOVE FORWARD,THINGS THAT MIGHT STINK,WORDS AFTER “DEEP”
279,STICK,BONE,BALL,FRISBEE,HIDE,BLOCK,OBSCURE,COVER,SHIFT,COMMAND,CONTROL,OPTION,BLANK,SPACE,FLAKE,FORGET,THINGS A DOG CAN FETCH,CONCEAL,MAC KEYBOARD KEYS,EXPERIENCE A MEMORY LAPSE
280,SHRINK,CONTRACT,REDUCE,LESSEN,BUSINESS,COACH,PREMIUM,FIRST,VET,REVIEW,SCREEN,CHECK,PILOT,SPECIAL,PREMIERE,FINALE,GET SMALLER,AIRLINE CLASSES,"EXAMINE, AS AN APPLICANT",NOTABLE TV EPISODES
281,CANDY,PUMPKIN,COSTUME,DECORATIONS,LICORICE,FENNEL,TARRAGON,ANISE,BEAN,MELON,NOODLE,NUT,PRINCESS,BAGUETTE,EMERALD,RADIANT,HALLOWEEN PURCHASES,PLANTS WITH SIMILAR FLAVORS,FOOD SLANG FOR HEAD,GEMSTONE CUTS
282,SCARF,WOLF,DOWN,INHALE,MAJOR,DEGREE,CONCENTRATION,MINOR,BLANKET,GENERAL,BROAD,SWEEPING,CADET,BAR,HEATER,STATION,EAT VORACIOUSLY,AREAS OF ACADEMIC FOCUS,UNIVERSAL,SPACE ___
283,RANK,CLASS,DIVISION,TIER,AND,PLUS,WITH,ALSO,GOLDEN,PIT,BOSTON,LAB,HOWL,IF,HARLEM,DADDY,SECTION,INCLUDING,"DOG BREEDS, INFORMALLY",FAMOUS POEMS
284,BABY,MOTHER,SPOIL,PAMPER,CAN,BOOTY,REAR,BUM,TOWEL,SLIPPERS,ROBE,WASHCLOTH,CRADLE,MEOW,PAJAMAS,EYE,TREAT WITH EXCESSIVE CARE,BACKSIDE,THINGS IN A SPA LOCKER ROOM,CAT’S ___
285,TRASH,KNOCK,BLAST,SLAM,SORRY,OOPS,APOLOGIES,PARDON,OUT,EXCUSE,DEFENSE,REASON,DIRTY,DATE,DOH,DEAD,CRITICIZE,“MY MISTAKE!”,ALIBI,PLAY ___
286,STAGE,CYCLE,ROUND,PHASE,CYGNUS,ORION,PEGASUS,GEMINI,SUNFLOWER,SNAIL,CYCLONE,GALAXY,SOLITAIRE,CYCLOPS,UNICYCLE,MONOLOGUE,SEGMENT OF A PROCESS,CONSTELLATIONS,SPIRALS IN NATURE,ASSOCIATED WITH “ONE”
287,PLOT,TITLE,CAST,GENRE,CHARADE,FRONT,AIRS,AFFECT,KING,BERRY,PAGE,WATERS,GUESS,WIND,NATURE,FIDDLE,MOVIE SUMMARY INFO,PRETENSE,FAMOUS GUITARISTS,SECOND ___
288,ASTROTURF,JUMBOTRON,SKYBOX,SCOREBOARD,OLYMPUS,FUJIFILM,HASSELBLAD,POLAROID,PARMESAN,BOLOGNESE,NEAPOLITAN,VENETIAN,RUSHMORE,JOURNEYMAN,KISSCAM,CREAMSICLE,SEEN AT A SPORTS STADIUM,CAMERA BRANDS,ITALIAN DEMONYMS,STARTING WITH ROCK BANDS
289,YAK,JAW,YAP,GAB,COW,EWE,DOE,HEN,POP,EYE,GAG,BIB,EAR,MAR,SAT,MER,"CHAT, INFORMALLY",FEMALE ANIMALS,PALINDROMES,STARTS OF PLANET NAMES
290,CRICKET,FROG,KANGAROO,HARE,SQUASH,PRESS,CRUSH,MASH,HOCKEY,BREAKING,SKELETON,TRAMPOLINE,VOLLEYBALL,TABLE,RECORD,MOOD,JUMPING ANIMALS,APPLY PRESSURE TO,OLYMPIC SPORTS,THINGS YOU CAN SET
291,GLORY,PROPS,CREDIT,PRAISE,DISCOVER,LEARN,FIND,REALIZE,SHADOW,TRACK,CHASE,TAIL,NAME,VISA,PHOTO,STAMP,KUDOS,BECOME AWARE OF,PURSUE,SEEN IN A PASSPORT
292,CAMEL,BEIGE,TAN,KHAKI,SKIP,CUT,DITCH,MISS,ROMP,BLOWOUT,SWEEP,ROUT,COLOR,HAMSTER,CHEESE,PRAYER,YELLOW-BROWN SHADES,FAIL TO ATTEND,DECISIVE VICTORY,___ WHEEL
293,PACE,SPEED,RATE,CLIP,MOVE,FASTER,GO,HURRY,CLIPPER,ROCKET,SPUR,PACER,MEDICINE,PROMPTER,COMMUTE,VISION,HOW FAST SOMETHING IS GOING,"""STEP ON IT!""",N.B.A. TEAM PLAYER,TELE___
294,HARP,BASS,RECORDER,BASSOON,BUD,SHOOT,BLOOM,SPROUT,REAR,FOSTER,NURSE,RAISE,LIGHT,CORONA,FLARE,RADIATION,MUSICAL INSTRUMENTS,PLANT GROWTHS,BRING UP,SOLAR EMANATIONS
295,CORRECT,AMEND,FIX,REVISE,ROW,FIGHT,TIFF,SCRAP,BINGO,ROULETTE,LOTTERY,WAR,COMPUTER,BLUE,POTATO,POKER,UPDATE FOR ACCURACY,QUARREL,GAMES OF CHANCE,___ CHIP
296,DEPARTED,LEFT,SPLIT,WENT,AVIATOR,ACE,FLIER,PILOT,BLUE,GRAY,RIGHT,FIN,CASINO,SPATULA,ATM,SCHEDULE,EXITED,ONE FLYING AN AIRPLANE,KINDS OF WHALES,THINGS WITH SLOTS
297,PRETTY,REALLY,MIGHTY,VERY,HAPPY,LADY,DAISY,GOOFY,SKY,BABY,NAVY,TIFFANY,SHINY,ARMY,LIVERY,COLONY,ESPECIALLY,DISNEY CHARACTERS,KINDS OF BLUE,"BODY PARTS PLUS ""Y"""
298,CHAIR,BED,TABLE,COUCH,BEAR,HARBOR,MAINTAIN,HOLD,SWEET,DRY,BALANCED,FULL,TINDER,GOLDILOCKS,LEADERSHIP,IRONIC,PIECES OF FURNITURE,"CARRY, AS A FEELING",WINE TASTING DESCRIPTORS,STARTING WITH METALS
299,RING,CLOWN,TENT,TRAPEZE,WITCH,LION,SCARECROW,WIZARD,HAIR,WARDROBE,MAKEUP,PROPS,JOKER,SINNER,SMOKER,LOVER,SEEN AT THE CIRCUS,“THE WIZARD OF OZ” FIGURES,FILM DEPARTMENTS,“I’M A ___” (LYRICS IN “THE JOKER”)
300,SCOPE,REACH,RANGE,EXTENT,IRON,BRUSH,COMB,DRYER,CREST,ARMS,COAT,SHIELD,EAR,OIL,KETTLE,STEEL,BREADTH,HAIR TOOLS,HERALDRY TERMS,WORDS BEFORE “DRUM”
301,SLIP,FALL,SPILL,TRIP,MINERAL,SPRING,TAP,STILL,CORSET,WASP,HOURGLASS,DIABOLO,HONEY,BROWN,TEDDY,BOO-BOO,TAKE A TUMBLE,KINDS OF WATER,THINGS THAT ARE CINCHED IN THE MIDDLE,___ BEAR
302,STANDARD,YARDSTICK,GAUGE,BENCHMARK,FOLD,CHECK,CALL,BET,NORMAL,DRY,OILY,COMBINATION,MASS,MARY,WASH,KENT,MODEL FOR REFERENCE,POKER ACTIONS,SKIN TYPES,STARTS OF U.S. STATES
303,SCRAMBLE,BOIL,FRY,POACH,BUZZ,RUSH,KICK,THRILL,DART,AXE,RING,HORSESHOE,GIFT,SHRINK,BUBBLE,BODY,WAYS TO PREPARE EGGS,EXHILARATION,THROWN IN TARGET GAMES,___ WRAP
304,PUFFS,PANTS,GASPS,HUFFS,SMOKES,CANS,SALTS,CURES,JAMS,SPOTS,PICKLES,BINDS,MITTENS,KETTLES,RAINDROPS,WHISKERS,BREATHES HEAVILY,"PRESERVES, AS MEAT",PREDICAMENTS,THINGS IN “MY FAVORITE THINGS”
305,POKE,STICK,PROD,JAB,MOCCASIN,BOA,MAMBA,ADDER,PRINCE,BALL,SLIPPER,PUMPKIN,ELBOW,BOWTIE,TUBE,WHEEL,THRUST,KINDS OF SNAKES,SEEN IN “CINDERELLA”,PASTA SHAPES
307,🍞,🥬,🧀,🥓,🧠,🚂,🌧️,✈️,🪚,😱,👽,🧛,🫖,🐑,👁️,🐝,FOOD SLANG FOR MONEY,WORDS THAT RHYME,HORROR MOVIES,LETTER HOMOPHONES
308,FLASH,WINK,HEARTBEAT,JIFF,CLASH,TIFF,SCRAP,TANGLE,ZIP,LOVE,SQUAT,JACK,SPAT,CANE,MONOCLE,TOP HAT,BRIEF MOMENT,DISPUTE,SLANG FOR ZERO,ACCESSORIES FOR MR. PEANUT
309,PIGPEN,STY,DUMP,MESS,FIRM,SOUND,STABLE,SOLID,PEANUTS,PRIZE,CARAMEL,POPCORN,CRAZY,GIFT,CHARLEY,DARK,DISORDERLY PLACE,STURDY,FOUND IN CRACKER JACKS,___ HORSE
310,DRIVE,WILL,DESIRE,RESOLVE,SHORTS,TEE,SUNGLASSES,HAT,SERIES,BATTERY,SET,ARRAY,POWER,SHOE,FLY,RADISH,INTRINSIC MOTIVATORS,SUMMER GEAR,COLLECTION,HORSE___
311,HEAD,CHAIR,DIRECTOR,CHIEF,GROUNDS,GREEN,LAWN,FIELD,PEA,CHEST,HAZEL,COCO,BROWN,FICTION,DOGS,UNCHAINED,PERSON IN CHARGE,GRASSY AREA,WORDS BEFORE “NUT”,SECOND WORDS IN TARANTINO MOVIES
312,PIXIE,BUZZ,BOWL,CREW,RULER,COMPASS,SCALE,WATCH,MAIN,PIPE,CHANNEL,LINE,MERMAID,KING,CLOWN,COLONEL,"HAIRCUTS, WITH “CUT”",MEASURING INSTRUMENTS,WATER AND GAS CONDUITS,FAST FOOD MASCOTS
313,NEAT,CLEAN,TIDY,TRIM,SUPER,UBER,HYPER,ULTRA,BALLOON,SWELL,SNOWBALL,MUSHROOM,STICK,DOMINO,JACK,MARBLE,ORDERLY,AUGMENTATIVE PREFIXES,BECOME LARGER,ITEMS IN CLASSIC KIDS’ GAMES
314,WRENCH,YANK,TEAR,RIP,DRILL,ROUTINE,EXERCISE,PRACTICE,SPIRIT,AMERICAN,UNITED,FRONTIER,WEDDING,FRIAR,SUNDRY,MONKEY,PULL USING FORCE,BIT OF REPETITIVE TRAINING,U.S.-BASED AIRLINES,BEGINNING WITH DAY ABBREVIATIONS
316,HOGWASH,BUNK,HORSEFEATHERS,CROCK,HAMMER,HURDLE,POLE,BATON,GOATEE,PITCHFORK,TAIL,HORNS,HITCH,BEND,SHEEPSHANK,BOWLINE,BALDERDASH,TRACK AND FIELD EQUIPMENT,PARTS OF A DEVIL COSTUME,TYPES OF KNOTS
317,IDEAL,MODEL,EXAMPLE,SYMBOL,TRACK,CONDUCTOR,CAR,STATION,SYMPHONY,CYMBAL,SIMMER,SCIMITAR,DRUM,WIG,WAX,MARK,EMBODIMENT,RELATED TO TRAINS,STARTING WITH THE SAME SOUND,EAR___
318,POST,COLUMN,POLE,PILLAR,MIND,REGARD,FOLLOW,OBSERVE,SHARE,STAKE,INTEREST,PERCENTAGE,DIRT,INTELLIGENCE,SECRETS,INFORMATION,UPRIGHT SUPPORT,"HEED, AS RULES",ALLOTMENT,GATHERED BY SPIES
319,CURB,GUTTER,GRATE,MANHOLE,MEAN,PLAN,AIM,INTEND,IN,OZ,GAL,CAL,GIRLS,PARACHUTE,RULE,FLEECE,SIDEWALK SIGHTS,HAVE IN MIND,UNIT ABBREVIATIONS,GOLDEN ___
320,GLUE,STICK,PASTE,ADHERE,WORDS,COPY,TEXT,WRITING,CUT,COLOR,CLARITY,CARAT,ROD,PLUS,LIST,OK,ATTACH WITH ADHESIVE,PUBLISHED LINES,DIAMOND QUALITIES,A-___
321,FREESTYLE,MAKE UP,AD-LIB,IMPROV,CRAWL,BABBLE,COO,NURSE,SURFACE,COSMETIC,EXTERNAL,SHALLOW,SIDE,BUTTERFLY,DOMINO,PLACEBO,INVENT AS YOU GO,THINGS BABIES DO,SUPERFICIAL,___ EFFECT
323,SURPRISE,ROCK,FLOOR,SHOCK,STORY,FEATURE,REPORT,ARTICLE,LEVEL,FLAT,FLUSH,EVEN,BOX,STAGE,ORCHESTRA,BALCONY,FLABBERGAST,BIT OF JOURNALISM,ON THE SAME PLANE,THEATER SECTIONS
324,BUD,MATE,CHUM,PAL,DARK,COLD,DANK,MUSTY,SHADOW,FUZZ,WHISKERS,SCRUFF,KITTY,POT,POOL,FUND,SLANG FOR FRIEND,ADJECTIVES FOR A BASEMENT,STUBBLE,COLLECTION OF MONEY
325,LIME,SALSA,ONION,CILANTRO,PICO,MICRO,MEGA,KILO,MINI,POODLE,PENCIL,WRAP,FAITH,MOLE,FOOT,CAPITOL,TACO TOPPINGS,METRIC PREFIXES,KINDS OF SKIRTS,WORDS WITH “HILL”
326,BOUNCE,BOOT,TOSS,EJECT,SOIL,LAND,EARTH,GROUND,RED,BLACK,BALTIC,PHILIPPINE,BIG,SPLASH,SULLY,PHILADELPHIA,THROW OUT,TERRA FIRMA,SEAS,TOM HANKS MOVIES
327,BUY,SWALLOW,BELIEVE,ACCEPT,SHORT,SPIKE,SURGE,OUTAGE,DIGEST,OUTLINE,BRIEF,ABSTRACT,CURT,HAIRY,WANE,KNEEL,TRUST AS REAL,POWER ISSUES,SUMMARY,NAME HOMOPHONES
328,TASTE,GRACE,STYLE,ELEGANCE,SUN,TAN,BAKE,BASK,MOVE,TOUCH,AFFECT,IMPACT,SINE,SEN,SOUR,SIGHT,REFINED SENSIBILITY,CATCH SOME RAYS,EMOTIONALLY SWAY ,NUMBERS WITH FIRST LETTERS REPLACED BY “S”
329,FIERCE,DEEP,INTENSE,EXTREME,RAM,BUMP,BUTT,KNOCK,SNOW,NOISE,FUZZ,STATIC,PROUD,VIRGIN,HAIL,BLOODY,"PASSIONATE, AS A FEELING",BANG INTO,ANALOG TV INTERFERENCE,___ MARY
330,MICROSCOPE,BEAKER,DROPPER,GOGGLES,HEART,NUCLEUS,CENTER,HUB,SHEET,CELL,FORMULA,SORT,BODY,SIGN,LOVE,ROMANCE,LAB EQUIPMENT,NEXUS,SPREADSHEET TERMS,___ LANGUAGE
332,FLY,POCKET,RIVET,BUTTON,PLANE,POINT,LINE,SOLID,VIEW,WINDOW,HISTORY,FILE,ANIMAL,DOOR,KINK,SUPREME,FEATURES ON A PAIR OF JEANS,"OBJECTS IN 0-, 1-, 2- AND 3-DIMENSIONAL SPACE",WEB BROWSER MENUS,MEMBER OF A ’60S BAND
333,RANCH,BARBECUE,MARINARA,AIOLI,QUESTION,GRILL,EXAMINE,PROBE,STATEMENT,BILL,RECEIPT,INVOICE,CATTLE,BROTH,ANCESTRY,MERCHANDISE,DIPPING SAUCES,INTERROGATE,TRANSACTION RECORD,WHAT “STOCK” MIGHT MEAN
334,ACE,CRACKERJACK,HOTSHOT,EXPERT,JACK,WRENCH,TIRE,CHOCK,JOKER,HER,SIGNS,GLADIATOR,POPCORN,RAPTURE,SOULMATE,ROCKETRY,HIGHLY SKILLED,USED TO FIX A FLAT,JOAQUIN PHOENIX MOVIES,WORDS STARTING WITH MUSIC GENRES
335,LOVE,FANCY,RELISH,SAVOR,WELL,LIKE,LITERALLY,UM,SPRING,PIN,CYLINDER,TUMBLER,JEWEL,CARROT,HURTS,OM,ENJOY,FILLER WORDS,COMPONENTS OF A LOCK,HOMOPHONES OF UNITS OF MEASURE
340,DISCO,LOUNGE,CLUB,BAR,SHED,DITCH,LOSE,DROP,YARD,LEAGUE,FATHOM,FOOT,GARAGE,CLEARANCE,SAMPLE,BAKE,NIGHTSPOTS,CAST OFF,UNITS OF LENGTH,___ SALE
341,BRIDGE,CRUNCH,SQUAT,DIP,COWBOY,BOUNTY,DUEL,SALOON,CARTER,KING,TUTU,GORE,QUEEN,HONEY,BUSY,SPELLING,EXERCISES,FEATURED IN WESTERNS,LEADERS WHO RECEIVED THE NOBEL PEACE PRIZE,___ BEE
347,ROSE,CHERRY,RUBY,BRICK,SPRINKLE,DROP,SPOT,SPLASH,PICK,CREAM,TOP,BEST,SPONGE,BIRD,MUD,BUBBLE,SHADES OF RED,LITTLE BIT OF A BEVERAGE,CHOICEST,___ BATH
348,TAB,CAP,CORK,LID,SPELL,PERIOD,TIME,STRETCH,CHECK,LIMIT,CONTAIN,CURB,EGG,BILL,FUR,VENOM,CONTAINER CLOSURES,DURATION,REGULATE,TRADEMARKS OF A PLATYPUS
349,STAR,LEAD,PRINCIPAL,HEADLINER,SILVER,CROSS,SUN,GARLIC,MAD,ONION,LAMPOON,CRACKED,MUSIC,MED,SANDWICH,SODA,ONE WITH TOP BILLING,VAMPIRE VULNERABILITIES,"SATIRICAL PUBLICATIONS, FAMILIARLY",CLUB ___
350,WRAP,BUN,HERO,ROLL,TRAP,YAP,CHOPS,KISSER,SNAP,CLAP,BOB,TAP,APPLAUSE,GOLF,DRINKS,FUNDING,DELI BREAD OPTIONS,SLANG FOR MOUTH,KEEP RHYTHM WITH MUSIC,ROUND OF ___
352,COUPLE,JOIN,TIE,LINK,HANDFUL,BOTHER,PAIN,PEST,SOME,MANY,FEW,SEVERAL,LOVERS,FOOL,MAGICIAN,TOWER,CONNECT,NUISANCE,QUANTITY WORDS,"TAROT CARDS, WITH “THE”"
353,BRASS,CHEEK,NERVE,GALL,LEAD,HARNESS,HALTER,COLLAR,GLOBE,TOP,RECORD,CAROUSEL,MERCURY,FERRY,PLANT,NICKS,CHUTZPAH,ACCESSORIES FOR DOG WALKING,THINGS THAT SPIN,LEAD SINGERS OF ’70S ROCK BANDS
354,FRUIT,RETURN,REWARD,BENEFIT,EGG,PLAIN,EVERYTHING,POPPY,DIRECT,PRODUCE,WRITE,ACT,FRANK,MUM,VAMP,WERE,SOMETHING GAINED FROM HARD WORK,KINDS OF BAGELS,CONTRIBUTE TO A MOVIE,STARTS OF MONSTERS
355,KID,NEEDLE,RIB,TEASE,ROUND,CHUCK,FLANK,LOIN,MIA,OMG,PIN,RAM,MAMA,MULE,SLING,LIBRE,PLAYFULLY POKE FUN AT,CUTS OF BEEF,ACRONYMS/INITIALISMS,COCKTAILS MINUS PLACE NAMES
356,LOADED,FLUSH,RICH,WEALTHY,DICE,CUBE,CHOP,MINCE,SQUARE,STRAIGHT,STUFFY,TRADITIONAL,PAIR,BURY,CURRENT,LEACHY,AFFLUENT,CUT INTO PIECES,OLD-FASHIONED,FRUIT HOMOPHONES
357,CATFISH,BULLDOG,HORSEFLY,TURTLEDOVE,HAIRPIN,SWITCHBACK,DOGLEG,ZAG,FISHBOWL,WEREWOLF,CATEGORIES,CHARADES,TRAMPOLINE,MOUSETRAP,MATTRESS,CLOCK,ANIMALS WHOSE NAMES ARE TWO ANIMALS,SHARP TURNS,CLASSIC PARTY GAMES,THINGS WITH SPRING/S
358,DIRTY,BASE,LOW,VILE,PING,TEXT,CONTACT,MESSAGE,FRUIT,PITCHER,TABLECLOTH,SKULL,PONG,GARDEN,BATTER,CAN,CORRUPT,REACH OUT TO,CLASSIC STILL LIFE COMPONENTS,BEER ___
359,STILL,SHOT,SNAP,PIC,ICE,LOCK,SECURE,CINCH,COAST,BREEZE,SAIL,GLIDE,WET,SECURITY,PICNIC,THROW,PHOTO,"ASSURE, AS A VICTORY",MOVE IN AN EFFORTLESS WAY,___ BLANKET
360,MEASURE,ACT,BILL,RESOLUTION,SAVANNA,PLAIN,PRAIRIE,MEADOW,OPEN,DIRECT,FRANK,STRAIGHT,AURA,HODA,DOGE,BUCK,BIT OF LEGISLATION,GRASSLAND,FORTHRIGHT,CAR COMPANIES MINUS LETTER
361,SKETCH,PLAN,DRAFT,OUTLINE,SUP,FEAST,FEED,DINE,YO,SUS,ME,ELLA,JIM,SHADY,FIT,PICKINGS,EARLY ITERATION,ENJOY A MEAL,SPANISH PRONOUNS/POSSESSIVES,SLIM ___
362,LINE,LABEL,COLLECTION,BRAND,TAG,HOP,DODGE,HIDE,BUNNY,DUCK,PIG,MARTIAN,GREECE,HARE,KATZ,MAIM,FASHION DESIGNER'S OUTPUT,PLAYGROUND VERBS,LOONEY TUNES FIGURES,HOMOPHONES OF MUSICALS
363,PAN,KETTLE,POT,GRIDDLE,RUFFLE,TRIM,FRINGE,FRILL,LAY,SET,PLACE,PUT,TEASE,WISE,GEEZ,SEIZE,FOUND ON A STOVE TOP,ORNAMENTAL BORDER,"DEPOSIT, WITH “DOWN”",WORDS THAT SOUND LIKE PLURAL LETTERS
364,MAGIC,CHARM,SPELL,HEX,PUPPET,TOOL,PAWN,INSTRUMENT,UNDERWEAR,CAPE,MASK,TIGHTS,CARPENTER,WOO,BAY,SCOTT,SORCERER’S OUTPUT,ONE BEING MANIPULATED,CLASSIC SUPERHERO WEAR,ACTION MOVIE DIRECTORS
365,SIGN,BANNER,POSTER,BILLBOARD,INITIAL,MAIDEN,PREMIER,FIRST,ENDORSE,CHAMPION,SUPPORT,BACK,HERE,WEE,THEME,USE,ADVERTISING FORMAT,INAUGURAL,ADVOCATE FOR,PRONOUN PLUS “E”
366,KNEES,SHOULDERS,HEAD,TOES,WHEELS,RIDE,WHIP,AUTO,PEELS,SHELLS,SHUCKS,PARES,BEES,GOSSIP,CAFFEINE,INTERCOMS,"BODY PARTS IN “HEAD, SHOULDERS, KNEES AND TOES”","CAR, INFORMALLY",REMOVES THE COVERING OF,“BUZZY” THINGS
367,PINCH,TOUCH,DASH,BIT,DEAL,BUY,STEAL,VALUE,CHALK,RACK,BALL,CUE,MATCH,FACE,POCKET,MAC,SMIDGEN,BARGAIN,BILLIARDS EQUIPMENT,___BOOK (THAT’S NOT A BOOK)
368,PIPE,DRAIN,DUCT,SEWER,CORN,CHEESE,SAP,SCHMALTZ,SMILE,EGG,KNUCKLES,WINDOW,SEA,CHUMP,LOOSE,CLIMATE,CONDUITS FOR WATER REMOVAL,FOOD PRODUCTS ASSOCIATED WITH SENTIMENTALITY,THINGS TO CRACK,___ CHANGE
369,USE,MILK,EXPLOIT,LEVERAGE,UP,OVER,DONE,THROUGH,CULTURE,SPORTS,COPY,CITY,HEYDAY,HIJINKS,YOGURT,SUPPER,TAKE ADVANTAGE OF,"FINISHED, AS TIME",NEWSPAPER DESKS,WORDS BEGINNING WITH GREETINGS
370,EATS,FARE,CHOW,GRUB,STEER,GUIDE,LEAD,DIRECT,BULLY,RATTLE,COW,DAUNT,BULL,MEAT,STOCK,FLEA,FOOD,PILOT,INTIMIDATE,___ MARKET
371,BODY,CANON,WORKS,OEUVRE,HOOD,FUJI,OLYMPUS,WHITNEY,JACKET,SLEEVE,INSERT,RECORD,MARACA,HANDS,POLAROID,SNOWGLOBE,CORPUS,MOUNT ___,COMPONENTS OF AN LP,THINGS PEOPLE SHAKE
372,SACK,ROB,LOOT,RAID,SWAY,PULL,WEIGHT,CLOUT,BOB,CROP,FADE,SHAG,SAFETY,PUSH,BOBBY,HAIR,PLUNDER,INFLUENCE,HAIRSTYLES,___ PIN
373,HURRY,NOW,STAT,PRONTO,WAVE,CURRENT,DRIFT,TIDE,PRESS,FLY,CURL,ROW,LOCK,PANE,MARKS,RUSTLE,“DON’T DELAY!”,OCEAN PHENOMENA,DUMBBELL EXERCISES,PHILOSOPHER HOMOPHONES
374,VOTE,CHOICE,SAY,VOICE,DOWN,SHAKE,HEEL,SPEAK,FLAT,QUARTER,NATURAL,WHOLE,TIRE,PUMP,WAFFLE,STEAM,AGENCY IN DECISIONMAKING,DOG COMMANDS,KINDS OF NOTES,___ IRON
375,FLEXIBLE,EASY,OPEN,RECEPTIVE,EVIL,VILE,LIVE,VEIL,SOLID,GENIUS,BEGINNER,AMAZING,WAXY,LIT,WICKED,SCENTED,AMENABLE,ANAGRAMS,SPELLING BEE RANKS,ADJECTIVES FOR A CANDLE
376,DUMBO,WALL STREET,CHINATOWN,MANHATTAN,E.T.,KILL BILL,FRIGHT NIGHT,BE KIND REWIND,MY LEFT FOOT,THE GREEN MILE,HEDWIG AND THE ANGRY INCH,THE LONGEST YARD,DOGMA,BEETLEJUICE,FOXY BROWN,OCTOPUSSY,PLACES IN NEW YORK CITY,RHYMING TITLES,ENDING IN UNITS OF MEASUREMENT,STARTING WITH ANIMALS
377,SUBSTANCE,CRUX,HEART,ESSENCE,COMPLEX,BAROQUE,INVOLVED,ELABORATE,ARROW,HYPHEN,CHECKBOX,BULLET,CRUCIFIX,HYBRID,ANGRY,BETRAY,CORE,COMPLICATED,SYMBOLS USED IN MAKING LISTS,WHAT “CROSS” MIGHT MEAN
378,LIKE,FANCY,DIG,APPRECIATE,SMASH,SUCCESS,HIT,SENSATION,BUTTON,SHIRT,HAT,STICKER,THAT,CAT,EDITOR,PASTE,ENJOY,BLOCKBUSTER,CAMPAIGN SWAG,WORDS AFTER “COPY”
379,HOLD,RIVET,ABSORB,ENGROSS,RECORD,FILM,TAPE,SHOOT,PLEATS,PASTEL,STAPLE,PETALS,PLEASE,WOMAN,GOOD,PENNY,GRAB ONE’S ATTENTION,DOCUMENT WITH VIDEO,ANAGRAMS,PRETTY ___
380,FOLLOWERS,SHEEP,PUPPETS,LEMMINGS,SHARES,OPTIONS,EQUITY,STOCKS,MOBILE,BUFFALO,BILLINGS,PHOENIX,SHOVELS,LIKES,INSULTS,APARTMENT,CONFORMISTS,COMPANY OWNERSHIP OFFERS,U.S. CITIES,WHAT “DIGS” MIGHT MEAN
381,NICE,SWEET,SICK,COOL,STYLE,KIND,TYPE,SORT,POINT,MESSAGE,DRIFT,IDEA,RING,STICK,TENDER,WING,“AWESOME!”,VARIETY,GIST,"FRIED APPETIZER, INFORMALLY"
382,WAX,THREAD,LASER,PLUCK,SPOOL,WIND,WRAP,COIL,SOLAR PANEL,HONEYCOMB,SPREADSHEET,ORGANISM,SCHOOL,MOVIE,BALL,VITAMIN,"REMOVE, AS BODY HAIR",TWIST AROUND,THINGS MADE OF CELLS,B-___
383,MAKE,NET,CLEAR,EARN,STAFF,HAT,ROBE,BEARD,BRIDGE,HATCH,KEEL,DECK,SPAN,CLEF,SECTION,SUITE,"TAKE HOME, AS INCOME",PARTS OF A WIZARD COSTUME,FOUND ON A SHIP,C-___
386,BYE,BI,BUY,BY,TRI,AB,QUAD,PEC,TRAP,POP,DUB,EMO,HI,OFF,MED,LO,HOMOPHONES,"MUSCLES, INFORMALLY",MUSIC GENRES,SETTINGS ON AN APPLIANCE KNOB
387,FLOATER,THREE,DUNK,LAYUP,SOLE,SKATE,PERCH,PIKE,BOUNCE,BODY,LIFT,VOLUME,FLOWER,PROBLEM,POSTER,ONLY,BASKETBALL SHOTS,FISH,QUALITIES OF THICK HAIR,___ CHILD
388,DRIVE,PUSH,PROMPT,PROPEL,WILD,REVERSE,DRAW,SKIP,MARBLE,BASEBALL,PEA,GRAPEFRUIT,GYM,PARK,DUGOUT,COURTROOM,MOVE TO ACTION,UNO CARDS,HAIL SIZE COMPARISONS,PLACES WITH BENCHES
389,PICTURE,IMAGINE,CONCEIVE,ENVISION,COAT,FILM,SKIN,LAYER,BRUSH,SWEEP,FLICK,WIPE,DEVELOP,PROGRAM,CODE,HACK,DREAM UP,THIN COVERING,"REMOVE, AS CRUMBS",VERBS FOR A SOFTWARE ENGINEER
390,FERRIS WHEEL,MERRY-GO-ROUND,TILT-A-WHIRL,ROLLER COASTER,GREEN LIGHT,THUMBS-UP,CLEARANCE,GO-AHEAD,CINDERELLA,DAVID-AND-GOLIATH,RAGS-TO-RICHES,UNDERDOG,TAILGATE,RUMPELSTILTSKIN,BUMPER-TO-BUMPER,BUTTERMILK,AMUSEMENT PARK RIDES,APPROVAL,TYPES OF COME-FROM-BEHIND STORIES,BEGINNING WITH SYNONYMS FOR REAR END
391,PAPER,REPORT,ESSAY,ARTICLE,FLAMINGO,ERASER,BUBBLE GUM,CARNATION,YANKEE,VICTOR,HOTEL,FOXTROT,DEPUTY,SILVER MEDAL,PENCIL,DEREK JETER,WRITING ASSIGNMENTS,THINGS THAT ARE PINK,NATO PHONETIC ALPHABET,ASSOCIATED WITH #2
392,AYE,PRO,FOR,YEA,SEE,COURT,DATE,WOO,SEA,DROVE,PACK,HOST,TEA,PALM,TAROT,AURA,POSITIONS IN FAVOR,GO OUT WITH,MULTITUDE,THINGS READ IN DIVINATION
393,SHAPE,STATE,FORM,CONDITION,BUSH,COUNTRY,STICKS,WOODS,FLAMINGO,FOUNTAIN,GNOME,PINWHEEL,FISH,FOLK,FAIRY,TALL,CURRENT SITUATION,REMOTE RURAL AREA,CLASSIC LAWN ORNAMENTS,___ TALE
394,SALTY,BITTER,UPSET,SORE,PEPPER,SPRINKLE,SCATTER,STREW,CAKE,ONION,EARTH,PLYWOOD,BAKED,SWEET,COUCH,HOT,FEELING SOME TYPE OF WAY,THROW HERE AND THERE,THINGS WITH LAYERS,___ POTATO
395,POWER,MENU,VOLUME,CHANNEL,SHIELD,SCREEN,BLOCK,COVER,UMBRELLA,CHERRY,SWORD,OLIVE,CASINO,DIAMONDS,TOMORROW,QUANTUM,REMOTE CONTROL BUTTONS,HIDE FROM VIEW,DRINK GARNISHES,FIRST WORD IN BOND MOVIE TITLES
396,SHIP,SEND,MAIL,POST,STAIN,LINER,BALM,GLOSS,FIX,HOLE,SPOT,CORNER,TEMPERATURE,ANGLE,EDUCATION,CRIME,"DELIVER, AS A PACKAGE",KINDS OF LIP MAKEUP,PREDICAMENT,MEASURED IN DEGREES
397,STRING,TRAIN,CHAIN,SERIES,WOOD,IRON,DRIVER,WEDGE,RING,FOG,BIRDS,OMEN,FRANK,DOG,LINK,BRAT,ONE THING AFTER ANOTHER,KINDS OF GOLF CLUBS,"HORROR MOVIES, WITH “THE”",WORDS FOR SAUSAGE
398,NAIL,WASHER,SCREW,NUT,FLY,SINKER,LINE,HOOK,SINK,DRYER,MIRROR,CHAIR,BUG,BOLT,STRIKE,ROD,BITS OF HARDWARE,FISHING GEAR,HAIR SALON FIXTURES,LIGHTNING ___
399,RAW,DELICATE,SENSITIVE,TENDER,DESSERT,SIDE,STARTER,MAIN,BARE,NEW,MOUSSE,DEAR,CARPET,MEAT,DELICIOUS,TAPE,SORE TO THE TOUCH,RESTAURANT COURSES,ANIMAL HOMOPHONES,RED ___
400,HUNT,SEARCH,CHASE,QUEST,KISSES,ALWAYS,YOURS,LOVE,WING,PARTY,CAMP,SIDE,BOND,RUSH,LEAF,MINE,PURSUIT,ROMANTIC LETTER SIGN-OFFS,GROUP WITHIN A GROUP,GOLD ___
401,MAJOR,PRIVATE,CAPTAIN,GENERAL,PORT,OUTLET,JACK,SOCKET,DEMAND,MARKET,AUDIENCE,APPETITE,PERSONAL,POP-UP,WANT,ATTACK,ARMY RANKS,PLACE TO PLUG SOMETHING IN,"CONSUMER DESIRE, COLLECTIVELY",___ AD
402,TALK,DISH,TELL,SPILL,FORK,PART,SPLIT,BRANCH,UNKNOWN,DOORKNOB,KNIFE,TOPKNOT,FORMULA,RECIPE,SECRET,TICKET,"DIVULGE, AS PRIVATE INFORMATION",DIVIDE,SILENT “K”,"KEY TO SUCCESS, SO TO SPEAK"
403,MESSENGER,CLUTCH,TOTE,SATCHEL,LICENSE,SLACK,FREEDOM,LATITUDE,WORD,PROMPT,SIGNAL,CUE,BRIEF,SHORT,DRAWER,BOXER,TYPES OF BAGS,WIGGLE ROOM,INDICATION TO PROCEED,UNDERWEAR IN THE SINGULAR
404,QUIET,EASY,ENOUGH,RELAX,COLD,BUG,COUGH,CHILL,BREACH,SING,DIVE,SPOUT,MAGIC,SIN,WINDY,MOTOR,“SETTLE DOWN!”,MINOR AILMENTS,WHAT HUMPBACK WHALES DO,___ CITY NICKNAMES
405,TO,TWO,TUE,TOO,WED,COUPLE,TIE,UNITE,SAT,PUT,LAID,PLACED,MAY,SUN,WALL,WILD,HOMOPHONES,CONNECT,PLACED DOWN,___FLOWER
406,SAW,CHESTNUT,MAXIM,ADAGE,ELECTRIC,GAS,WOOD,CHARCOAL,ASH,GUM,EBONY,CHERRY,JET,FILTER,HEATER,PUMP,OLD SAYING,GRILL FUEL SOURCES,TREES,HOT TUB COMPONENTS
407,CELL,PROTEIN,ATOM,MOLECULE,BOTTLE,MOBILE,RATTLE,CRIB,SAW,JUG,SPOONS,WASHBOARD,DOG,PHONE,FREEZE,PRICE,BIOLOGICAL BUILDING BLOCKS,PURCHASES FOR A BABY,OBJECTS PLAYED AS INSTRUMENTS,___ TAG
408,WORKSHOP,SPITBALL,BRAINSTORM,IDEATE,CONCRETE,MATERIAL,REAL,SOLID,BIRTHDAY,MARBLE,POUND,CRUMB,WRENCH,CURVEBALL,PARTY,TANTRUM,"DEVELOP, AS IDEAS",TANGIBLE,KINDS OF CAKE,"THINGS YOU CAN THROW, IN METAPHORS"
409,USHER,LEAD,DIRECT,GUIDE,STING,RACKET,CON,HUSTLE,PYRAMID,SEAL,WASHINGTON,EAGLE,PRINCE,BRITISH,NOVA,NORTHWEST,SHOW THE WAY,SCHEME,SEEN ON A U.S. DOLLAR BILL,FIRST WORDS OF CANADIAN PROVINCES/TERRITORIES
410,STORE,SQUIRREL,STASH,STOW,LIQUID,FIXED,TOXIC,FROZEN,CAVEAT,QUID,VOX,ERGO,SQUID,ARCADE,NUMBERS,BLAME,PACK (AWAY) FOR FUTURE USE,ADJECTIVES FOR ASSETS,LATIN WORDS,___ GAME
411,MELT,CONDENSE,FREEZE,VAPORIZE,COVER,SUB,BACKUP,ALTERNATE,COPPER,SHRINK,HACK,SUIT,HONEY,HERO,SOMEDAY,FANTASY,CHANGE STATES OF MATTER,REPLACEMENT,SLANGY NAMES FOR PROFESSIONS,MARIAH CAREY NUMBER ONE HITS
412,YEN,LONG,PINE,DESIRE,MAD,O,FORTUNE,NATURE,BOND,Q,M,MONEYPENNY,POWER,EURO,K,BUBBLEGUM,YEARN,MAGAZINES,CHARACTERS IN BOND MOVIES,WORDS THAT PRECEDE “POP” IN MUSIC GENRES
413,TAPE,RULER,PEN,SCISSORS,KEY,PRINCIPAL,STAPLE,ESSENTIAL,HAND,SEND,PASS,GIVE,RECORDING,APPLAUSE,WALK,EXIT,SCHOOL SUPPLIES,FUNDAMENTAL,TRANSFER,LIGHT-UP SIGNS
414,CHANCE,OUTLOOK,FORECAST,PROSPECT,LIP,SASS,CHEEK,ATTITUDE,BASS,FLUKE,PERCH,PIKE,TEMPLE,RIM,BRIDGE,LENS,FUTURE LIKELIHOOD,BACK TALK,FISH,COMPONENTS OF EYEGLASSES
415,LIBRARY,LAB,GYM,AUDITORIUM,ODD,RED,BLACK,EVEN,CHOCOLATE,SOAP,PIGEON,PEACE,MOTHER,GREY,GOLDEN,SILLY,SCHOOL FACILITIES,ROULETTE BETS,ASSOCIATED WITH “DOVE”,___ GOOSE
416,REGISTER,LOG,RECORD,JOURNAL,SHOCK,MOP,TANGLE,MANE,SCRUB,CHEER,WEED,FRIEND,MAZE,HOG,FUND,TRIMMER,CHRONICLE,MESS OF HAIR,TV SHOWS MINUS “S”,WORDS AFTER “HEDGE”
417,FIREWORKS,CHEMISTRY,SPARKS,ATTRACTION,COOKIES,HISTORY,DATA,CACHE,REVOLUTION,LAP,CYCLE,TURN,LIBERTY,DINNER,TINKER,BAR,ROMANTIC RAPPORT,THINGS STORED BY A WEB BROWSER,SINGLE ROTATION,WORDS BEFORE “BELL”
418,TITANIC,GIANT,MONSTER,MAMMOTH,AVATAR,FIGURE,PERSONA,CHARACTER,SOUND,LOOK,APPEAR,SEEM,LISTEN,WITCH,HUSTLE,CASTLE,ENORMOUS,EMBODIMENT,COME ACROSS AS,SILENT “T”
419,TRICK,POINTER,TIP,SUGGESTION,SPIRIT,WILL,RESOLVE,GRIT,VISIT,FREQUENT,HAUNT,PATRONIZE,CANINE,OZONE,OFTEN,FREIGHT,BIT OF ADVICE,FORTITUDE,SPEND TIME AT,WORDS ENDING IN NUMBERS
420,SQUARE,PLAZA,COURT,YARD,MATCH,ROUND,CONTEST,BOUT,FLASH,RITZ,DAZZLE,POMP,HEART,FIRE,SPARKLES,SKULL,OPEN SPACE,BOXING UNIT,GLITZINESS,EMOJI
421,BELIEVE,ACCEPT,TRUST,BUY,SHOW,BLUFF,FRONT,SHAM,MOUNT,BASE,STAND,BRACKET,HANDLE,FIFTH,PINT,LITER,REGARD AS TRUE,FACADE,WAYS TO SECURE A TV,LIQUOR BOTTLE SIZES
422,SHORT,CROSS,TESTY,SURLY,PILOT,TRIAL,EXPLORATORY,PRELIMINARY,KINKY,FIDDLER,MERRILY,JERSEY,PAN,RABBIT,PARKER,PIPER,IN A BAD MOOD,EXPERIMENTAL,STARTS OF BROADWAY MUSICALS,PETER ___
423,BANK,LAUNDROMAT,POST OFFICE,SUPERMARKET,CHECK,HAMPER,CURB,INHIBIT,PACK,SCHOOL,PRIDE,SWARM,CART,WASHING,BIDE,NIX,BUILDINGS AROUND TOWN,HINDER,ANIMAL GROUP NAMES,STARTS OF U.S. PRESIDENTS
425,POINT,PRONG,TIP,TINE,FINE,MINT,FAIR,GOOD,LINE,TRADE,FIELD,BUSINESS,BUTTER,DOUGH,BRAZIL,PINE,SLENDER PROJECTIONS,CONDITIONS FOR COLLECTIBLES,PROFESSION,WORDS BEFORE “NUT”
426,QUACK,SHAM,FRAUD,CHARLATAN,WORD,PEEP,SOUND,NOISE,HOT DOG,PEACOCK,HAM,SHOWBOAT,BUG,TWEET,PORK,SPEED,IMPOSTOR,UTTERANCE,ONE WHO LIKES SHOWING OFF,LOONEY TUNES CHARACTERS MINUS A LETTER
427,KID,RIB,TEASE,RAZZ,THIGH,TENDER,BREAST,WING,CALF,KIT,FAWN,CUB,SHOULDER,MUSCLE,JOSTLE,BARGE,JOKE AROUND WITH,POULTRY CUTS,BABY ANIMALS,PUSH THROUGH A CROWD
428,STEADY,FLAME,LOVER,SWEETHEART,SLIGHT,BURN,DIG,JAB,REGULAR,PLUS,DIESEL,PREMIUM,COFFEE,WATER,POOL,PERIODIC,ROMANTIC PARTNER,INSULT,GAS PUMP OPTIONS,___ TABLE
429,FIELD,SPHERE,DOMAIN,AREA,HORN,RECORDER,TRIANGLE,FIDDLE,CONE,FLAG,FLARE,BARRIER,PYRAMID,CHAIN,FIGHT,PROCESSOR,REALM OF EXPERTISE,MUSICAL INSTRUMENTS,USED TO REDIRECT TRAFFIC,FOOD ___
430,WAX,CLAY,PAPYRUS,PARCHMENT,ANCHOR,PRESENT,MODERATE,HOST,FLAIR,TALENT,INSTINCT,FACULTY,MUMMY,GIFT,BURRITO,SPRAIN,ANCIENT WRITING SURFACES,"LEAD, AS A TV PROGRAM",NATURAL ABILITY,WRAPPED THINGS
431,STUMP,CANVASS,ORGANIZE,CAMPAIGN,MAKEUP,STRUCTURE,FABRIC,COMPOSITION,LEVEL,SAW,FILE,CLAMP,TAN,LOG,MOD,MAX,WAYS TO SUPPORT A CANDIDATE,CONSTITUTION,CARPENTRY TOOLS,MATH ABBREVIATIONS
432,DOWN,RIGHT,UP,LEFT,BACK,SUPPORT,CHAMPION,ENDORSE,CON,MINUS,STRIKE,DING,LIAR,SYMBOL,LOOT,BASE,BASIC DIRECTIONS,ADVOCATE FOR,DRAWBACK,INSTRUMENT HOMOPHONES
433,NATURAL,FLUID,SMOOTH,GRACEFUL,SWEAT,LABOR,WORK,EFFORT,JUICE,CHARGE,BATTERY,POWER,MAINSTREAM,DAD,BURST,SODA,EFFORTLESS,EXERTION,ENERGY FOR AN ELECTRONIC DEVICE,WHAT “POP” MIGHT MEAN
434,TRY,TAX,TEST,STRAIN,SAMPLE,MIX,SCRATCH,SPIN,PRESENT,POSSESSIVE,DIRECT,IRREGULAR,JEALOUS,LUSH,NAUSEOUS,ECOLOGICAL,"STRETCH, AS ONE’S PATIENCE",THINGS A DJ DOES,ADJECTIVES USED IN GRAMMAR,WHAT “GREEN” MIGHT MEAN
435,CANNONBALL,JACKKNIFE,BACKFLIP,BELLYFLOP,PARROT,QUOTE,ECHO,REPEAT,PILLAR,ANCHOR,CORNERSTONE,BACKBONE,TALK,PIRATE,HAM,SATELLITE,SPLASHY WAYS TO ENTER A POOL,REITERATE,MAINSTAY,___ RADIO
436,HUSKY,GRUFF,ROUGH,HOARSE,LITTLE,RING,POINTER,MIDDLE,SOUR,STOUT,AMBER,PORTER,BULLDOG,KISS,HORN,FRY,RASPY,FINGERS,ALE STYLES,FRENCH ___
437,SUPER,SWELL,NEAT,NIFTY,EXPAND,ELABORATE,EXPLAIN,SPECIFY,FACILITY,GIFT,FLAIR,KNACK,COMPLEX,BLOCK,COMPOUND,DEVELOPMENT,PEACHY KEEN,PROVIDE MORE DETAILS,ABILITY TO DO SOMETHING WELL,GROUP OF BUILDINGS
438,DOME,BOWL,COLISEUM,ARENA,ALLEY,COURT,LANE,DRIVE,FISH,JUSTICE,SOLFEGE,LIBRA,GUTTER,WHALE,TEAPOT,FOUNTAIN,STADIUMS,STREET SUFFIXES,ASSOCIATED WITH SCALES,THINGS WITH SPOUTS
439,PITCH,MARKET,HYPE,SELL,FLING,CHUCK,CAST,HURL,ROMANCE,TRAVEL,FICTION,HUMOR,TUBE,CREW,SWEAT,ANKLE,PROMOTE,THROW,BOOKSTORE SECTIONS,___ SOCKS
440,DETOUR,TANGENT,DIGRESSION,ASIDE,BEAR,YIELD,GENERATE,PRODUCE,FOX,SNACK,TEN,BABE,RADIUS,REVERSE,RIGHT,ARE,OFF-TOPIC REMARKS,"CREATE, AS RESULTS",HOTTIE,"WORDS REPRESENTED BY THE LETTER ""R"""
441,STRAWBERRY,ROSE,MARS,DEVIL,RUN,WORK,FUNCTION,OPERATE,OFFICE,TEAMS,EDGE,WINDOWS,MILK,BLONDE,JOBS,VICE,THINGS THAT ARE RED,BE IN COMMISSION,MICROSOFT PRODUCTS,BIOPICS
442,MIA,ELSEWHERE,GONE,ABSENT,CHEERLEADER,CHAMPION,EXPONENT,ADVOCATE,PUNK,GOTH,GLAM,METAL,HORROR,JOCK,WAVE,VALUE,NOT PRESENT,SUPPORTER,ROCK GENRES,SHOCK ___
443,SPINE,JACKET,COVER,PAGE,TUXEDO,TORTOISESHELL,CALICO,TABBY,BUTTERFLY,NERVE,WILLY,JITTER,PEACOCK,BEETHOVEN,CORNUCOPIA,KALEIDOSCOPE,PARTS OF A BOOK,CAT COAT PATTERNS,"NERVOUSNESS, IN THE SINGULAR",STARTING WITH VEGETABLES
444,RAM,STUFF,PACK,JAM,DISHWASHER,SERVER,COOK,HOST,X-RAY,RADIO,MICROWAVE,VISIBLE,BYTE,DRILL,COMEDIAN,BRIDLE,CRAM,RESTAURANT JOBS,ELECTROMAGNETIC SPECTRUM,THINGS WITH BITS
445,CLOUD,COTTON BALL,DANDELION,SHEEP,SUBJECT,GUINEA PIG,VOLUNTEER,PARTICIPANT,OBJECT,MIND,PROTEST,DISAPPROVE,SHOE,BULL,FOG,MATTER,FLUFFY WHITE THINGS,ONE IN A RESEARCH STUDY,TAKE ISSUE,___HORN
446,HACK IT,MAKE DO,MANAGE,GET BY,BIRTHDAY,THANK YOU,GET WELL,CONGRATULATIONS,GET IT,SEE,UNDERSTAND,CAPISCE,CANDY,CONTACT,WITNESS,SHADOW,SURVIVE,KINDS OF GREETING CARDS,ARE WE CLEAR?,WORDS AFTER “EYE”
447,SPORT,TIGER,CHAMP,BUDDY,DOWN,GAME,AMENABLE,WILLING,OOZE,LLAMA,EERIE,AARDVARK,DRINK,BLUE,DEEP,BRINY,KIDDO,UP FOR IT,BEGINNING WITH DOUBLE LETTERS,"NICKNAMES FOR THE SEA, WITH “THE”"
448,RUSH,KICK,HIGH,THRILL,STAND,BEAR,STOMACH,TAKE,BULL,TRIPE,BALONEY,BUNK,TONGUE,HEELS,MOUSE,REMOTE,BIT OF EXCITEMENT,TOLERATE,NONSENSE,THINGS TO CLICK
449,LEAD,MERCURY,GOLD,TIN,FULL,KING,QUEEN,TWIN,HEAD,THRONE,JOHN,CAN,BOWIE,BUTTER,BUTTERFLY,BUTCHER,METAL ELEMENTS,MATTRESS SIZES,SLANG FOR TOILET,KINDS OF KNIVES
450,BOO-BOO,GOOF,FLUB,GAFFE,DAISY,JASMINE,PETUNIA,POPPY,BUZZ,DANCE,STING,POLLINATE,BABE,MICKEY,YOGI,LOU,BLUNDER,FLOWERS,THINGS BEES DO,FIRST NAMES OF YANKEES LEGENDS
451,SHIP,CRAFT,BARGE,VESSEL,CHAMP,BEST,GOAT,LEGEND,ON,ABOUT,TOWARD,CONCERNING,I,MUSSEL,HARE,NAVAL,LARGE BOAT,ALL-TIME GREAT,REGARDING,HOMOPHONES OF BODY FEATURES
452,TONGUE,LANGUAGE,SPEECH,DIALECT,NECK,FRENCH,MAKE OUT,KISS,TAPE,DRESSING,BANDAGE,SCISSORS,RANCH,COTTAGE,CRAFTSMAN,PRAIRIE,SPOKEN COMMUNICATION,CANOODLE,FIRST AID KIT ITEMS,HOUSE STYLES
453,RANGE,REACH,SCOPE,EXTENT,MATCH,MATE,COMPLEMENT,PARTNER,BUD,SIERRA,NATTY,STELLA,PHONE,DIRT,PAL,CHECK,BREADTH,OTHER HALF,"BEERS, FAMILIARLY",WORDS AFTER “PAY”
455,SNOOZE,ALARM,HOUR,TIME SET,WHAT IF,SAY,SUPPOSE,PERHAPS,NERD,RUNT,KISS,WHOPPER,GRUMP,DO,DOPE,SLEEP,ALARM CLOCK BUTTONS,“HERE’S A THOUGHT ...”,CANDY PIECES,SEVEN DWARFS MINUS LAST LETTER
456,OK,FAIR,AVERAGE,SO-SO,HI,MA,PA,OR,COWBOY,ANKLE,GO-GO,THIGH-HIGH,SUN,TIDE,YO-YO,ELEVATOR,MEH,U.S. STATE ABBREVIATIONS,KINDS OF BOOTS,THINGS THAT GO UP AND DOWN
457,SAID,SPOKE,TOLD,VOICED,HANDLE,DESIGNATION,MONIKER,SOBRIQUET,MARKED,CLEAR,PRONOUNCED,STRIKING,WHEEL,PORTER,ROUGH,POWER,STATED,NICKNAME,OBVIOUS,___HOUSE (THAT AREN’T HOUSES)
458,CAKE,COAT,SMEAR,PLASTER,BALLOON,TIRE,FLOATIE,BASKETBALL,BAR,PIE,BUBBLE,LINE,FIZZ,SLING,PUNCH,SOUR,COVER WITH A THICK LAYER,THINGS THAT ARE INFLATED,KINDS OF CHARTS,CLASSIC COCKTAIL TYPES
459,FOLK,ROCK,COUNTRY,BLUES,BUN,MUSTARD,SAUERKRAUT,BRAT,WARRIOR,TREE,CHAIR,MOUNTAIN,COCONUT,SOULMATE,UPDO,WALLET,MUSIC GENRES,BRATWURST GO-WITHS,YOGA POSES,STARTING WITH PIXAR MOVIES
460,SCREEN,REEL,SPEAKER,PROJECTOR,STORY,DECK,FLOOR,LEVEL,SUN,POST,GLOBE,MIRROR,EGG,MOON,STREAK,TOILET PAPER,CLASSIC MOVIE THEATER EQUIPMENT,TIER,NEWSPAPER NAMES,PRANK VERBS
461,MONITOR,SCREEN,TERMINAL,DISPLAY,FAN,BOA,CORSET,GLOVES,TAN,FAWN,BUFF,CREAM,TIE,CHECK,FINISH,BASK,VISUAL INTERFACE,BURLESQUE WEAR,BEIGE SHADES,LANGUAGE HOMOPHONES
462,BLOW,DRAFT,PUFF,GUST,CRANK,WIND,REEL,TURN,LION,CRAB,RAM,BULL,CAT,POP,GRINCH,TURTLE,RUSH OF WIND,ROTATE,ZODIAC SYMBOLS,DR. SEUSS TITLE FIGURES
467,MONKEY BARS,SLIDE,SWINGS,TEETER-TOTTER,PENDULUM,TEA BAG,TETHERBALL,YO-YO,MARTINI,HUMOR,TEETOTALER,DESERT,TEETH,STEPS,BOOMER,BLUES,PLAYGROUND EQUIPMENT,FOUND AT THE END OF A STRING/CORD,DESCRIBED AS DRY,BABY ___
468,TALK,WHISPERS,SPECULATION,RUMBLING,SLIP,STEAL,TIPTOE,CREEP,NATIONAL,BUDGET,ENTERPRISE,THRIFTY,LATIN,JARGON,ENVIRON,PLEAD,HEARSAY,MOVE STEALTHILY,CAR RENTAL COMPANIES,ENDING WITH CHEMICAL ELEMENTS
469,SUPPORT,BLESSING,CONSENT,APPROVAL,TIRE,BAGEL,LIFESAVER,WREATH,SLICE,WHIFF,HOOK,SHANK,SNEAK,SLIP,LOAF,WADE,OFFICIAL SANCTIONING,TORUS-SHAPED THINGS,BAD GOLF SHOTS,FOOTWEAR MINUS “ER” SOUND
470,STEAMING,BOILING,FUMING,LIVID,RANKING,STATION,POSITION,STANDING,AIR,HEATING,VENTILATION,CONDITIONING,POKER,BAKING,LAUNDRY,ORIGAMI,HOPPING MAD,STATUS,WORDS THAT MAKE UP THE ACRONYM “HVAC”,ACTIVITIES THAT INVOLVE FOLDING
471,SAVE,LIKE,FAVORITE,BOOKMARK,SAKE,ADVANTAGE,INTEREST,BENEFIT,CURRY,BIRD,MAGIC,KOBE,PEPSI,MOCHI,FETA,BIOTA,MARK ONLINE FOR LATER,BEHALF,"NBA LEGENDS, FAMILIARLY",ENDING WITH GREEK LETTERS
472,THUNDER,ROAR,BOOM,CRASH,KICK,HEAT,FIRE,SPICE,BRUSH,GEL,CLIPPERS,CAPE,SET,MAGIC,TAROT,BASEBALL,EXPLOSIVE SOUND,CHILI PEPPER QUALITY,CLASSIC BARBERSHOP SUPPLIES,KINDS OF CARDS
473,PLAYER,UPRIGHT,GRAND,ELECTRONIC,COUNT,CONSIDER,JUDGE,REGARD,BROWN,SMITH,DUKE,HOWARD,GAMBLE,YOUNG,NOBLE,JOHNSON,KINDS OF PIANOS,DEEM,U.S. COLLEGES/UNIVERSITIES,SECOND NAMES IN COMPANIES WITH AMPERSANDS
474,DWELL,STAY,LIVE,INHABIT,DWINDLE,DECLINE,EBB,DROP,CLOWN,TURKEY,SAP,DWEEB,SEA,WONDER,SIN,DWARF,RESIDE,DECREASE,DOOFUS,MEMBER OF A SEPTET
475,WEIRD,FUNNY,OFF,CURIOUS,STATION,POST,POSITION,JOB,RECORD,STAMP,COMIC,COIN,STORE,REACTION,LETTER,MAIL,PECULIAR,ASSIGNMENT,CLASSIC COLLECTION ITEMS,CHAIN ___
476,GRILL,BROWN,CHAR,SEAR,HAMMER,DRUM,ANVIL,CANAL,CHARCOAL,RAVEN,JET,SABLE,GOLF BAG,TOOLBOX,LIMOUSINE,MOVIE SET,COOK IN A PAN,PARTS OF THE EAR,SHADES OF BLACK,WHERE YOU MIGHT FIND “A DRIVER”
477,GOLD,SEQUIN,DIAMOND,GLITTER,FENCE,BOX,ROW,DIVE,TEMPLE,LIGHTHOUSE,PYRAMID,GARDENS,CUBE,MACHINE,CREAM,STORM,SPARKLING THINGS,PARTICIPATE IN SUMMER OLYMPIC EVENTS,WONDERS OF THE WORLD,ICE ___
478,SPORTS,BUSINESS,ARTS,COMICS,CROWN,RINGS,ROOTS,BARK,GREEK,CHEF,GARDEN,WEDGE,MONTICELLO,EAGLE,TORCH,SHIELD,NEWSPAPER SECTIONS,TREE FEATURES,KINDS OF SALAD,SEEN ON BACKS OF U.S. COINS
479,TRACE,SHRED,TOUCH,HINT,BOWL,CRATE,BED,COLLAR,CATER,THROW,PLAN,HOST,STAR,CARET,HASH,BRACE,VERY SMALL AMOUNT,PUPPY PURCHASES,HELP PUT ON A PARTY,SYMBOLS ON A KEYBOARD
480,SPARE,EXCUSE,SAVE,PARDON,TOO,EXTRA,OVER,BEYOND,REAL,WON,POUND,YEN,FORE,ARROW,KNUCKLE,BLOCK,ABSOLVE,EXCESSIVELY,GLOBAL CURRENCIES,___HEAD
481,FROST,BEAT,BAKE,PREHEAT,PUMP,RACE,POUND,THROB,POPE,BISHOP,PRIOR,PASTOR,BEACH,PET SHOP,HARDY,BAD,VERBS IN A CAKE RECIPE,WHAT A HEART DOES WHEN EXCITED,ECCLESIASTICAL TITLES,___ BOYS
482,JUICE,PUNCH,MILK,SODA,PRUNE,POT,WATER,FERTILIZE,SKI,SOCK,EARBUD,BOOKEND,PANT,SMITE,BLOUSE,STICK,BEVERAGES,CARE FOR A PLANT,ITEM SOLD IN PAIRS,BUGS PLUS STARTING LETTER
483,COUNT,NUMBER,TOTAL,AMOUNT,EPISODE,MATTER,AFFAIR,EVENT,CATALOG,LETTER,BILL,CARD,COIL,SEASON,BOUNCE,GEYSER,QUANTITY,INCIDENT,THINGS RECEIVED IN THE MAIL,WHAT “SPRING” MIGHT REFER TO
484,MINT,PILE,FORTUNE,BUNDLE,PEARL,NUGGET,TIDBIT,KERNEL,DINOSAUR,AMBER,MOSQUITO,PALEONTOLOGIST,EGGPLANT,LAVENDER,AMETHYST,GRIMACE,LARGE AMOUNT OF MONEY,BITS OF WISDOM,FEATURED IN “JURASSIC PARK”,THINGS THAT ARE PURPLE
485,STRIPES,SORTS,TYPES,KINDS,HAND,DELIVER,PASS,GIVE,STARS,THUMBS,A-F,PERCENTAGE,DECK OF CARDS,MONARCHY,NHL,CHECKERS,VARIETIES,TRANSFER,RATINGS SYSTEMS,THINGS WITH KINGS
486,SCALE,CROP,ROTATE,FLIP,GLOVE,TEE,BALL,DRIVER,TANK,ROCKS,FILTER,PUMP,COACH,POLO,MUSTANG,GODIVA,WAYS TO TRANSFORM AN IMAGE,THINGS USED IN GOLF,AQUARIUM PURCHASES,LOGOS WITH HORSES
487,FLUSH,GLOW,BURN,BLUSH,NONSTOP,SOLID,STRAIGHT,CONSECUTIVE,FLIGHT,PLATTER,SAMPLER,TASTING,COACH,FULL HOUSE,BLOSSOM,COMMUNITY,GET RED IN THE FACE,CONTINUOUS,FLAVOR ASSORTMENT,SITCOMS
488,STOOP,DECK,YARD,PORCH,DOPE,SCOOP,DISH,INFO,DEMO,BLOOPER,HIGHLIGHT,SIZZLE,DROOP,GOOF,SNOOP,LAD,GATHERING SPOT OUTSIDE A RESIDENCE,LOWDOWN,KINDS OF REELS,CARTOON DOGS MINUS “Y”
489,JUICE,ENERGY,ZIP,LIFE,LEVEL,PEP,TENET,REFER,COW,BEANS,JACK,GIANT,BEETLE,FOCUS,VOLT,CIVIC,VITALITY,PALINDROMES FEATURING “E”,FEATURED IN “JACK AND THE BEANSTALK”,CAR MODELS
491,SUPREME,PRINCIPAL,CHIEF,PREMIER,CACTUS,HEDGEHOG,PINEAPPLE,MACE,CHEESE,CORN,PAP,MUSH,BOTTLE,MUSHROOM,GRADUATE,SALARY,FOREMOST,SPIKY THINGS,OVERLY SENTIMENTAL WORK,THINGS THAT ARE CAPPED
492,FIRE,AMP,HYPE,PSYCH,PUMP,FLAT,SLIDE,MULE,SPEAKER,CHAIR,WHIP,LEADER,MATTE,MIC,DUG,PEAT,"GET EXCITED, WITH ""UP""",KINDS OF SHOES,LEGISLATIVE ROLES,NAME HOMOPHONES
493,COLOR,BLOWOUT,CUT,TRIM,BASH,PAN,BLAST,SLAM,BAG,LAND,SCORE,SNAG,SACK,RECEPTION,YARD,ATTEMPT,HAIR SALON OFFERINGS,CRITICIZE,OBTAIN,MEASURED IN FOOTBALL STATS
494,VINTAGE,GRAPE,REGION,WINERY,SWITCH,SLIDER,BUTTON,KNOB,RETRO,SUB,SUPER,PRO,LION,BURGER,PROM,CALIFORNIA,WINE BOTTLE INFO,CONSOLE INPUTS,PREFIXES,___ KING
495,FIGURE,IMAGINE,SUSPECT,THINK,PERSON,INDIVIDUAL,CHARACTER,PARTY,SOLO,CHEWIE,BOBA,EMPEROR,CAT,HAWK,CORNER,LITTER,PRESUME,SOMEBODY,"CHARACTERS IN “THE EMPIRE STRIKES BACK,"" FAMILIARLY",WORDS AFTER “KITTY”
496,BANK,DUNE,MOUND,HILL,IMPORT,GRAVITY,WEIGHT,SUBSTANCE,START,TRADE,DRAFT,BENCH,THING,MATRIX,ABYSS,FLY,AREA OF HIGH GROUND,SIGNIFICANCE,ACTIONS IN FANTASY SPORTS,"SCI-FI MOVIES, WITH “THE”"
497,ROUGH,UNEVEN,RUGGED,BUMPY,BED,PATCH,PLOT,PARCEL,CHIP,ROCKY,STITCH,SCRATCHY,PARALLEL,SOUTH,AMUSEMENT,NATIONAL,"NOT SMOOTH, AS TERRAIN",BIT OF LAND FOR GROWING,MEMBER OF A CARTOON DUO,___ PARK
498,PASTEL,NEUTRAL,NEON,GRAYSCALE,PRINT,NEW,OPEN,SAVE,POOL,DRAWING,LOTTERY,RAFFLE,SUNTAN,SCULPTURE,THIRD,ALLOY,COLOR TYPES,FILE MENU OPTIONS,CHANCE TO WIN A PRIZE,WHAT “BRONZE” MIGHT MEAN
499,SUPER,EXTRA,HYPER,OVER,BIRTHDAY,COCKTAIL,SURPRISE,DINNER,NOVA,NATURE,MASTERPIECE,FRONTLINE,CHAMPAGNE,REUNION,NICE,ANGERS,PREFIX MEANING “VERY”,KINDS OF PARTIES,PBS SHOWS,PLACES IN FRANCE
500,MEDIUM,MYSTIC,ORACLE,PSYCHIC,EXCLUSIVE,RARE,LIMITED,COLLECTIBLE,IMPRESSIVE,NICE,WELL DONE,PROPS,REAL,AWFUL,WAY,BLOODY,CLAIRVOYANT,SPECIAL EDITION ADJECTIVES,“GREAT JOB!”,EXTREMELY
501,NOVEL,CREATIVE,FRESH,ORIGINAL,BOOK,SECURE,RESERVE,CHARTER,BALLOON,BANNER,CONFETTI,GARLAND,MODEL,AMBASSADOR,STREAMER,INFLUENCER,INSPIRED,PROCURE IN ADVANCE,BIT OF PARTY DECORATION,ONLINE PERSONALITY
502,HAT TRICK,TRIPLE CROWN,TRIFECTA,THREEPEAT,PAINT,DROP CLOTH,ROLLER,TAPE,BROIL,WINGS,SPROUTS,CHEESESTEAK,HOME RUN,SOAP BOX,KENTUCKY,DEMOLITION,TRIO OF SPORTS ACHIEVEMENTS,NEEDS FOR PAINTING A ROOM,FOOD NAMED AFTER CITIES,___ DERBY
503,FRILL,TRIM,BORDER,FRINGE,SWELL,WAX,GROW,MOUNT,NEAT,DRY,VIRGIN,STRAIGHT,BIKINI,CHEESE,BEAN,THEORY,DECORATIVE EDGE,"INCREASE, IN A WAY",SPECIFICATIONS FOR A BARTENDER,STRING ___
504,HYBRID,COMPOUND,CROSS,BLEND,PLANT,LODGE,STICK,WEDGE,HOUSE,HOTEL,TOKEN,DEED,QUALITY,BIRTH,REMOTE,CRUISE,COMPOSITE,EMBED,ITEMS IN A MONOPOLY BOX,___ CONTROL
505,JACKET,CAB,PAGES,JOURNALISM,GOBLIN,BERET,THUMB,SALAD,JEANS,JAY,MOON,WHALE,RAIN,HAZE,HEART,PROSE,YELLOW ___,GREEN ___,BLUE ___,PURPLE ___
506,LATHER,SWEAT,STEW,TIZZY,CONDITION,HEALTH,FORM,SHAPE,CURRENT,RAPID,WAVE,CASCADE,QUICK,RINSE,NORMAL,SANITIZE,FLUSTERED STATE,FITNESS,FAST-MOVING WATER,DISHWASHER CYCLES
507,STEAM,BLANCH,BOIL,POACH,ROSE,VANILLA,MUSK,AMBERGRIS,DOROTHY,SHAGGY,CHARLIE,WALLACE,ROAM,SOPHIA,KETO,SOUL,COOK WITH HEAT AND WATER,COMMON PERFUME INGREDIENTS,CHARACTERS WITH PET DOGS,CAPITAL CITY HOMOPHONES
508,HONOR,KEEP,FULFILL,UPHOLD,THROW,SHAM,SHEET,BLANKET,PLAY,PASS,DISCARD,DRAW,JUSTICE,ENERGY,STATE,LABOR,"MAKE GOOD ON, AS A PROMISE",BEDDING,ACTIONS IN CARD GAMES,CABINET DEPARTMENTS
509,DING,DIMPLE,DENT,DIVOT,DROP,DASH,DAB,DOLLOP,DAISY,DOC,DALE,DORY,DREAM,DINNER,DUE,DELIVERY,CONCAVITY,SMALL AMOUNT,DISNEY CHARACTERS,___ DATE
510,CHANCE,GAMBLE,BET,RISK,DICE,CUBE,SLICE,JULIENNE,JOKER,CASINO,HEAT,TAXI DRIVER,OCTOPUS,SLOT MACHINE,SHIVA,VENUS DE MILO,PUT ON THE LINE,USE A KITCHEN KNIFE,ROBERT DE NIRO FILMS,DISTINCTIVE NUMBER OF ARMS (OR LACK THEREOF)
511,HIP,EYE,LEG,ARM,BAD,FLY,ILL,RAD,BIG,SAW,ELF,HER,TEA,SEW,FAR,DOE,BODY PARTS,"COOL, IN ’80S SLANG",MOVIES,WORDS IN “DO-RE-MI”
512,YAHOO,DING-DONG,DODO,YO-YO,BEEP BEEP,SKRRT,PURR,VROOM,WHOOP,HAR-HAR,HOOT,YUK,KING KONG,KOKO,BUBBLES,GEORGE,KNUCKLEHEAD,CAR ONOMATOPOEIA,SOUNDS OF LAUGHTER,FAMOUS PRIMATES
513,RETREAT,LEAVE,FLEE,WITHDRAW,SHED,SCRATCH,KNEAD,PURR,ABOUT,LOGIN,HOME,CONTACT,CREAM,COTTAGE,GOAT,STRING,TURN TAIL,THINGS CATS DO,PAGES ON A WEBSITE,___ CHEESE
514,SPIDER,BAT,PUMPKIN,WITCH,BLOCK,BAN,FORBID,DENY,ACCIDENTAL,STAFF,NOTE,REST,CANE,BAR,APPLE,CORN,HALLOWEEN SYMBOLS,PROHIBIT,FOUND ON SHEET MUSIC,CANDY ___
515,BUBBLES,FIZZ,FOAM,FROTH,PROGRESS,BLOSSOM,MATURE,DEVELOP,SPIN,PITCHFORK,MOJO,BILLBOARD,JACKKNIFE,BUTTERCUP,BOILERPLATE,WITHERSPOON,EFFERVESCENCE,BURGEON,MUSIC PUBLICATIONS,ENDING WITH TABLEWARE
516,HANGER,T-BONE,SKIRT,FILET,BIKINI,G-STRING,HIPSTER,THONG,X-RAY,TOOTHBRUSH,DRILL,SINK,JACUZZI,Q-TIP,CHAPSTICK,XEROX,STEAK CUTS,KINDS OF UNDERWEAR,INVOLVED IN A DENTIST VISIT,BRANDS THAT HAVE BECOME GENERIC TERMS
517,COMB,ROOT,DIG,SIFT,ROLL,CLAP,RUMBLE,PEAL,PONY,BUN,TWIST,BRAID,BOOK,TREE,TABLE,SALAD,RUMMAGE,SOUNDS OF THUNDER,WAYS TO WEAR YOUR HAIR UP,THINGS THAT CAN HAVE LEAVES
518,LATER,NEXT,SOON,EVENTUALLY,ROUND,BYE,BRACKET,SEED,PEBBLE,CHEERIO,FLAKE,PUFF,PEACE,SCISSORS,VICTORY,TWO,AT SOME FUTURE POINT,PARTS OF A TOURNAMENT SETUP,BIT OF BREAKFAST CEREAL,WHAT THE OUTSTRETCHED INDEX AND MIDDLE FINGERS CAN REPRESENT
519,SAFETY,QUARTERBACK,GUARD,CENTER,NICKELODEON,HISTORY,DISCOVERY,OXYGEN,PENNYWISE,HOMEY,JOKER,RONALD,DRIVE,DIMENSIONAL,DEFENSE,DEMOCRAT,FOOTBALL POSITIONS,CABLE CHANNELS,FICTIONAL CLOWNS,WHAT “D” MIGHT STAND FOR
520,RELISH,TREASURE,VALUE,SAVOR,SPLASH,DIP,DIVE,SWIM,EXTRA,GRAVY,BONUS,FROSTING,NERVE,SAUCE,BRASS,CHEEK,CHERISH,QUICK JUMP IN THE POOL,ADDITIONAL BENEFIT,BRASHNESS
521,WRAP,SCARF,STOLE,SHAWL,SWALLOW,BEAR,STAND,TAKE,COO,HONK,GOBBLE,HOOT,GOO,APP,MOTOR,SAM,DRAPED ACCESSORIES,TOLERATE,BIRD ONOMATOPOEIA,STARTS OF CELL PHONE MAKERS
522,CLAW,HORN,HOOF,NAIL,BOULDER,ANVIL,COYOTE,TNT,CARGO,HAMMER,STIRRUP,CAPRI,CALIFORNIA,EGG,DRUM,HONOR,MADE OF KERATIN,ROAD RUNNER CARTOON STAPLES,KINDS OF PANTS,___ ROLL
523,LOVE,PUMPKIN,TREASURE,DARLING,BAT,BLINK,FLUTTER,WINK,SPIDER,DIABLO,VIPER,MUSTANG,EGG,WITCH,JOB,SCAVENGER,TERMS OF ENDEARMENT,THINGS YOU CAN DO WITH YOUR EYELIDS,SPORTS CARS,___ HUNT
524,FLOP,MISS,BUST,DUD,TURN,TIME,CHANCE,SHOT,CHARGE,PLASTIC,CARD,CREDIT,RIVER,PRIME,RAINFOREST,KINDLE,CLUNKER,OPPORTUNITY,NON-CASH WAY TO PAY,AMAZON ___
525,PARK,YARD,GREEN,LAWN,ADDRESS,FIELD,HANDLE,ANSWER,CAR,JAW,SWINGER,GOODFELLA,HARVARD,LEMON,NATURAL,CRIMINAL,GRASSY AREA,DEAL WITH,MOVIES WITH “S” REMOVED,___ LAW
526,SLATE,PROGRAM,SCHEDULE,BILL,AUDIO,GAMES,NEWS,COOKING,FORTUNE TELLER,CRANE,AIRPLANE,FAN,ADIEU,TEMPS,PAIN,BELLE,LINEUP,NYT OFFERINGS,THINGS MADE BY FOLDING PAPER,FRENCH WORDS
527,PROVOKE,INSPIRE,PROMPT,GENERATE,SOAP,CANDLE,INCENSE,LOTION,NETTLE,INSULT,JELLYFISH,WASP,MADDEN,CIVILIZATION,HALO,METROID,BRING ABOUT,THINGS THAT ARE OFTEN SCENTED,THINGS THAT MIGHT STING,VIDEO GAME FRANCHISES
528,STORY,COLUMN,FEATURE,ARTICLE,ROW,RACKET,CLATTER,RUCKUS,PADDLE,NET,BALL,TABLE,SEW,OAR,FORE,BUTT,BIT OF NEWSPAPER WRITING,NOISY DISTURBANCE,TABLE TENNIS NEEDS,HOMOPHONES OF COORDINATING CONJUNCTIONS
529,DESIGNER,LUXURY,HAUTE,HIGH-END,ENGINEER,HATCH,MASTERMIND,CONCOCT,GALILEO,VIKING,PIONEER,VOYAGER,TAG,MARCO POLO,BINGO,UNO,BRAND-NAME,DEVISE,NASA SPACECRAFT,GAMES WHERE YOU SAY THE GAME’S NAME
530,NAVY,KIDNEY,PINTO,MUNG,DRAW,HOOK,PULL,GRAB,DRIVE,NEUTRAL,LOW,REVERSE,WHIRL,LIVER,CAR,DEAD,KINDS OF BEANS,ATTRACT,AUTOMATIC GEAR SHIFTER POSITIONS,___POOL
531,PERIOD,DOT,POINT,TITTLE,FORMAL,RAVE,BALL,HOP,QUESTION MARK,THUMBS UP,EXCLAMATION POINTS,HEART,COOKWARE,BAD REVIEW,SATYR,CAMERA MOVEMENT,•,EVENT WITH DANCING,IPHONE MESSAGE TAPBACK RESPONSES,“PAN”
532,NEW,ORIGINAL,MINT,UNUSED,FELLOW,ATTENDING,RESIDENT,INTERN,ROMAN,EAR,FRIEND,COUNTRYMAN,TIMES,TOWN,POCKET,PERFECT,IN PRISTINE CONDITION,MEDICAL ROLES,SINGULAR NOUN IN A FAMOUS “JULIUS CAESAR” LINE,___ SQUARE
533,DRAG,CRAWL,INCH,CREEP,DRAFT,BOTTLE,TAP,CAN,DOODLE,BALL,CURL,PUFF,DOMINO,BUTTERFLY,HALO,PLACEBO,PROGRESS SLOWLY,WAYS TO ORDER A BEER,CHEESY CORN SNACK UNIT,___ EFFECT
534,FRESH,CUTE,WISE,SMART,AIR,QUALITY,MOOD,FEELING,BEL,BAR,LUX,MOLE,PRINCE,MERMAID,TRAMP,RASCALS,SASSY,AMBIENCE,UNITS,THE LITTLE ___
535,THROW,RATTLE,RUFFLE,FAZE,THREAD,CHAT,CONVERSATION,CHAIN,SWING,ROCKER,CRADLE,HAMMOCK,ROLLER,SPOOL,CAN,SILO,FLUSTER,SERIES OF MESSAGES,PLACES TO LIE/SIT THAT MOVE,CYLINDER-SHAPED THINGS
536,BOOM,SPIKE,RISE,SURGE,DOLLY,SKATEBOARD,WAGON,ROLLERBLADE,PACKING,GAFFER,DUCT,ELECTRICAL,IDEA,BEST BOY,STABLES,KRONER,UPSWING,THINGS WITH WHEELS,KINDS OF TAPE,RETAIL CHAINS WITH A LETTER CHANGED
537,SHAZAM,AUDIBLE,TIDAL,PANDORA,SPELL,MEAN,SIGNIFY,SUGGEST,LOVE,HOLD,HAVE,CHERISH,PLEASE,PRESTO,THANK YOU,ABRACADABRA,AUDIO APPS,INDICATE,CHURCH OF ENGLAND WEDDING VOW VERBS,MAGIC WORDS
538,MOVING,TENDER,TOUCHING,SWEET,SENSE,FEELING,HUNCH,IMPRESSION,HEARING,PROCEEDING,INQUIRY,TRIAL,STREET,MONEY,LISTENING,CHAIR,HEARTWARMING,SNEAKING SUSPICION,LEGAL SESSION,EASY ___
539,OUTFIT,STOCK,PROVISION,FURNISH,EGO,CHARACTER,BEING,SELF,VANITY,WARDROBE,CONSOLE,CHEST,SHELL,ID,CANT,WERE,EQUIP,INDIVIDUALITY,FURNITURE,WORDS WITH APOSTROPHES REMOVED
540,STOP,PLAY,RECORD,PAUSE,DIFFERENT,NEW,NOVEL,ORIGINAL,MESSAGE,TEXT,CORRESPOND,WRITE,POEM,YARDSTICK,FURNITURE,BIPED,DVR BUTTONS,GROUNDBREAKING,COMMUNICATE THROUGH WRITING,THINGS WITH FEET
541,SCRAMBLE,SALAD,STEW,HASH,NAME,CHARACTER,IMAGE,REPUTATION,ARTIST,YEAR,MEDIUM,TITLE,EGADS,YOGA,DIAL,MONTE,FOOD-RELATED JUMBLES,PUBLIC STANDING,INFO ON A MUSEUM PLACARD,ANAGRAMS OF FAMOUS PAINTERS
542,SINK,RANGE,COUNTER,FRIDGE,BOARD,PANEL,CABINET,COUNCIL,PLANK,BOAT,CRUNCH,MOUNTAIN CLIMBER,DROP,STUD,CHANDELIER,HOOP,SEEN IN A KITCHEN,GROUP OF ADVISORS,CORE EXERCISES,KINDS OF EARRINGS
543,CAPER,EXPLOIT,ANTIC,STUNT,SWEET,DILL,SOUR,KOSHER,BLUE,SPICY,ADULT,SUGGESTIVE,CHEESE,MUSTARD,DECK,CORD,ESCAPADE,KINDS OF PICKLES,RISQUÉ,CUT THE ___
544,CATERPILLAR,PEACH,PIPE CLEANER,FLEECE,CLAM,TURTLE,EGG,NUT,PRINCESS,DONKEY,DRAGON,OGRE,MUSHROOM,KINGDOM,MARKER,CARPET,THINGS THAT ARE FUZZY,THINGS WITH SHELLS,FIGURES IN “SHREK”,MAGIC ___
546,GNARLY,TWISTED,BENT,WARPED,SHRED,LICK,TRACE,OUNCE,RADICAL,POWER,ROOT,EXPONENT,THRONE,POWDER,BATH,REST,CONTORTED,SMALLEST AMOUNT,ALGEBRA TERMS,WORDS BEFORE “ROOM” TO MEAN LAVATORY
